2022-11-30T16:37:53.187+09:00,zae,KeyEvent,65535:16:1,w12_1,Editor,/Users/zae/IdeaProject/w12_1/src/MyRunnable.java,MyRunnable::run,8,54,Default task
2022-11-30T16:37:53.869+09:00,zae,KeyEvent,65535:157:4,w12_1,Project,/Users/zae/IdeaProject/w12_1/src/MyRunnable.java,MyRunnable::run,8,54,Default task
2022-11-30T16:37:54.237+09:00,zae,KeyEvent,65535:157:4,w12_1,Project,/Users/zae/IdeaProject/w12_1/src/MyRunnable.java,MyRunnable::run,8,54,Default task
2022-11-30T16:37:54.437+09:00,zae,Action,$Copy,w12_1,Project,/Users/zae/IdeaProject/w12_1/src/MyRunnable.java,MyRunnable::run,8,54,Default task
2022-11-30T16:37:54.481+09:00,zae,KeyEvent,99:67:4,w12_1,Project,/Users/zae/IdeaProject/w12_1/src/MyRunnable.java,MyRunnable::run,8,54,Default task
2022-11-30T16:37:54.859+09:00,zae,KeyEvent,65535:157:4,w12_1,Project,/Users/zae/IdeaProject/w12_1/src/MyRunnable.java,MyRunnable::run,8,54,Default task
2022-11-30T16:37:54.991+09:00,zae,Action,$Paste,w12_1,Project,/Users/zae/IdeaProject/w12_1/src/MyRunnable.java,MyRunnable::run,8,54,Default task
2022-11-30T16:37:56.541+09:00,zae,KeyEvent,118:86:4,w12_1,Popup,/Users/zae/IdeaProject/w12_1/src/MyRunnable.java,MyRunnable::run,8,54,Default task
2022-11-30T16:39:20.141+09:00,zae,Action,WelcomeScreen.CreateNewProject,,,,,-1,-1,
2022-11-30T16:39:21.628+09:00,zae,Action,EditorBackSpace,,,,,-1,-1,
2022-11-30T16:39:21.637+09:00,zae,KeyEvent,8:8:0,,,,,-1,-1,
2022-11-30T16:39:21.733+09:00,zae,Action,EditorBackSpace,,,,,-1,-1,
2022-11-30T16:39:21.733+09:00,zae,KeyEvent,8:8:0,,,,,-1,-1,
2022-11-30T16:39:22.577+09:00,zae,KeyEvent,49:49:0,,,,,-1,-1,
2022-11-30T16:39:22.682+09:00,zae,Action,EditorBackSpace,,,,,-1,-1,
2022-11-30T16:39:22.685+09:00,zae,KeyEvent,8:8:0,,,,,-1,-1,
2022-11-30T16:39:22.825+09:00,zae,Action,EditorBackSpace,,,,,-1,-1,
2022-11-30T16:39:22.834+09:00,zae,KeyEvent,8:8:0,,,,,-1,-1,
2022-11-30T16:39:23.033+09:00,zae,KeyEvent,65535:20:0,,,,,-1,-1,
2022-11-30T16:39:23.055+09:00,zae,KeyEvent,65535:0:0,,,,,-1,-1,
2022-11-30T16:39:23.209+09:00,zae,KeyEvent,119:87:0,,,,,-1,-1,
2022-11-30T16:39:23.782+09:00,zae,KeyEvent,49:49:0,,,,,-1,-1,
2022-11-30T16:39:23.910+09:00,zae,KeyEvent,50:50:0,,,,,-1,-1,
2022-11-30T16:39:24.189+09:00,zae,KeyEvent,65535:16:1,,,,,-1,-1,
2022-11-30T16:39:24.310+09:00,zae,KeyEvent,95:523:1,,,,,-1,-1,
2022-11-30T16:39:24.393+09:00,zae,KeyEvent,64:50:1,,,,,-1,-1,
2022-11-30T16:39:24.667+09:00,zae,KeyEvent,10:10:0,,,,,-1,-1,
2022-11-30T16:39:25.178+09:00,zae,Action,EditorBackSpace,,,,,-1,-1,
2022-11-30T16:39:25.186+09:00,zae,KeyEvent,8:8:0,,,,,-1,-1,
2022-11-30T16:39:25.278+09:00,zae,KeyEvent,50:50:0,,,,,-1,-1,
2022-11-30T16:39:25.556+09:00,zae,KeyEvent,10:10:0,,,,,-1,-1,
2022-11-30T16:39:39.647+09:00,zae,KeyEvent,65535:157:4,w12_2,Project,,,-1,-1,Default task
2022-11-30T16:39:39.773+09:00,zae,Action,NewElement,w12_2,Project,,,-1,-1,Default task
2022-11-30T16:39:39.795+09:00,zae,KeyEvent,110:78:4,w12_2,Project,,,-1,-1,Default task
2022-11-30T16:39:40.362+09:00,zae,Action,NewClass,,,,,-1,-1,
2022-11-30T16:39:40.383+09:00,zae,KeyEvent,10:10:0,,,,,-1,-1,
2022-11-30T16:39:44.293+09:00,zae,KeyEvent,65535:16:1,w12_2,Project,,,-1,-1,Default task
2022-11-30T16:39:44.609+09:00,zae,KeyEvent,65:65:1,w12_2,Project,,,-1,-1,Default task
2022-11-30T16:39:44.981+09:00,zae,KeyEvent,99:67:0,w12_2,Project,,,-1,-1,Default task
2022-11-30T16:39:45.471+09:00,zae,KeyEvent,116:84:0,w12_2,Project,,,-1,-1,Default task
2022-11-30T16:39:45.678+09:00,zae,KeyEvent,111:79:0,w12_2,Project,,,-1,-1,Default task
2022-11-30T16:39:47.435+09:00,zae,KeyEvent,114:82:0,w12_2,Project,,,-1,-1,Default task
2022-11-30T16:39:51.834+09:00,zae,KeyEvent,10:10:0,,,,,-1,-1,
2022-11-30T16:39:53.925+09:00,zae,KeyEvent,65535:157:4,w12_2,Project,/Users/zae/IdeaProject/w12_2/src/Actor.java,,0,19,Default task
2022-11-30T16:39:54.067+09:00,zae,Action,NewElement,w12_2,Project,/Users/zae/IdeaProject/w12_2/src/Actor.java,,0,19,Default task
2022-11-30T16:39:54.090+09:00,zae,KeyEvent,110:78:4,w12_2,Project,/Users/zae/IdeaProject/w12_2/src/Actor.java,,0,19,Default task
2022-11-30T16:39:54.422+09:00,zae,Action,NewClass,,,,,-1,-1,
2022-11-30T16:39:54.440+09:00,zae,KeyEvent,10:10:0,,,,,-1,-1,
2022-11-30T16:39:55.513+09:00,zae,KeyEvent,65535:16:1,w12_2,Project,/Users/zae/IdeaProject/w12_2/src/Actor.java,,0,19,Default task
2022-11-30T16:39:55.677+09:00,zae,KeyEvent,65:65:1,w12_2,Project,/Users/zae/IdeaProject/w12_2/src/Actor.java,,0,19,Default task
2022-11-30T16:39:55.948+09:00,zae,KeyEvent,99:67:0,w12_2,Project,/Users/zae/IdeaProject/w12_2/src/Actor.java,,0,19,Default task
2022-11-30T16:39:56.158+09:00,zae,KeyEvent,116:84:0,w12_2,Project,/Users/zae/IdeaProject/w12_2/src/Actor.java,,0,19,Default task
2022-11-30T16:39:56.308+09:00,zae,KeyEvent,111:79:0,w12_2,Project,/Users/zae/IdeaProject/w12_2/src/Actor.java,,0,19,Default task
2022-11-30T16:39:56.446+09:00,zae,KeyEvent,114:82:0,w12_2,Project,/Users/zae/IdeaProject/w12_2/src/Actor.java,,0,19,Default task
2022-11-30T16:39:56.869+09:00,zae,KeyEvent,50:50:0,w12_2,Project,/Users/zae/IdeaProject/w12_2/src/Actor.java,,0,19,Default task
2022-11-30T16:39:57.876+09:00,zae,KeyEvent,10:10:0,,,,,-1,-1,
2022-11-30T16:39:59.528+09:00,zae,KeyEvent,65535:157:4,w12_2,Project,/Users/zae/IdeaProject/w12_2/src/Actor2.java,,0,20,Default task
2022-11-30T16:39:59.690+09:00,zae,Action,NewElement,w12_2,Project,/Users/zae/IdeaProject/w12_2/src/Actor2.java,,0,20,Default task
2022-11-30T16:39:59.712+09:00,zae,KeyEvent,110:78:4,w12_2,Project,/Users/zae/IdeaProject/w12_2/src/Actor2.java,,0,20,Default task
2022-11-30T16:40:01.768+09:00,zae,Action,NewClass,,,,,-1,-1,
2022-11-30T16:40:01.783+09:00,zae,KeyEvent,10:10:0,,,,,-1,-1,
2022-11-30T16:40:02.648+09:00,zae,KeyEvent,65535:16:1,w12_2,Project,/Users/zae/IdeaProject/w12_2/src/Actor2.java,,0,20,Default task
2022-11-30T16:40:03.172+09:00,zae,KeyEvent,83:83:1,w12_2,Project,/Users/zae/IdeaProject/w12_2/src/Actor2.java,,0,20,Default task
2022-11-30T16:40:03.712+09:00,zae,KeyEvent,121:89:0,w12_2,Project,/Users/zae/IdeaProject/w12_2/src/Actor2.java,,0,20,Default task
2022-11-30T16:40:03.979+09:00,zae,KeyEvent,110:78:0,w12_2,Project,/Users/zae/IdeaProject/w12_2/src/Actor2.java,,0,20,Default task
2022-11-30T16:40:05.190+09:00,zae,KeyEvent,99:67:0,w12_2,Project,/Users/zae/IdeaProject/w12_2/src/Actor2.java,,0,20,Default task
2022-11-30T16:40:05.297+09:00,zae,KeyEvent,104:72:0,w12_2,Project,/Users/zae/IdeaProject/w12_2/src/Actor2.java,,0,20,Default task
2022-11-30T16:40:05.541+09:00,zae,KeyEvent,114:82:0,w12_2,Project,/Users/zae/IdeaProject/w12_2/src/Actor2.java,,0,20,Default task
2022-11-30T16:40:05.753+09:00,zae,KeyEvent,111:79:0,w12_2,Project,/Users/zae/IdeaProject/w12_2/src/Actor2.java,,0,20,Default task
2022-11-30T16:40:05.972+09:00,zae,KeyEvent,109:77:0,w12_2,Project,/Users/zae/IdeaProject/w12_2/src/Actor2.java,,0,20,Default task
2022-11-30T16:40:07.253+09:00,zae,Action,EditorBackSpace,w12_2,Project,/Users/zae/IdeaProject/w12_2/src/Actor2.java,,0,20,Default task
2022-11-30T16:40:07.255+09:00,zae,KeyEvent,8:8:0,w12_2,Project,/Users/zae/IdeaProject/w12_2/src/Actor2.java,,0,20,Default task
2022-11-30T16:40:07.467+09:00,zae,KeyEvent,110:78:0,w12_2,Project,/Users/zae/IdeaProject/w12_2/src/Actor2.java,,0,20,Default task
2022-11-30T16:40:07.952+09:00,zae,KeyEvent,105:73:0,w12_2,Project,/Users/zae/IdeaProject/w12_2/src/Actor2.java,,0,20,Default task
2022-11-30T16:40:08.095+09:00,zae,KeyEvent,122:90:0,w12_2,Project,/Users/zae/IdeaProject/w12_2/src/Actor2.java,,0,20,Default task
2022-11-30T16:40:08.237+09:00,zae,KeyEvent,101:69:0,w12_2,Project,/Users/zae/IdeaProject/w12_2/src/Actor2.java,,0,20,Default task
2022-11-30T16:40:08.571+09:00,zae,KeyEvent,100:68:0,w12_2,Project,/Users/zae/IdeaProject/w12_2/src/Actor2.java,,0,20,Default task
2022-11-30T16:40:10.489+09:00,zae,KeyEvent,65535:16:1,w12_2,Project,/Users/zae/IdeaProject/w12_2/src/Actor2.java,,0,20,Default task
2022-11-30T16:40:10.669+09:00,zae,KeyEvent,84:84:1,w12_2,Project,/Users/zae/IdeaProject/w12_2/src/Actor2.java,,0,20,Default task
2022-11-30T16:40:10.867+09:00,zae,KeyEvent,101:69:0,w12_2,Project,/Users/zae/IdeaProject/w12_2/src/Actor2.java,,0,20,Default task
2022-11-30T16:40:10.980+09:00,zae,KeyEvent,115:83:0,w12_2,Project,/Users/zae/IdeaProject/w12_2/src/Actor2.java,,0,20,Default task
2022-11-30T16:40:11.088+09:00,zae,KeyEvent,116:84:0,w12_2,Project,/Users/zae/IdeaProject/w12_2/src/Actor2.java,,0,20,Default task
2022-11-30T16:40:11.285+09:00,zae,KeyEvent,10:10:0,,,,,-1,-1,
2022-11-30T16:40:16.118+09:00,zae,KeyEvent,65535:157:20,w12_2,Editor,/Users/zae/IdeaProject/w12_2/src/SynchronizedTest.java,,0,0,Default task
2022-11-30T16:40:16.218+09:00,zae,Action,EditorPaste,w12_2,Editor,/Users/zae/IdeaProject/w12_2/src/SynchronizedTest.java,,0,0,Default task
2022-11-30T16:40:16.284+09:00,zae,KeyEvent,118:86:4,w12_2,Editor,/Users/zae/IdeaProject/w12_2/src/SynchronizedTest.java,,11,1,Default task
2022-11-30T16:40:18.817+09:00,zae,KeyEvent,65535:18:8,w12_2,Editor,/Users/zae/IdeaProject/w12_2/src/SynchronizedTest.java,SynchronizedTest::main,2,34,Default task
2022-11-30T16:40:19.068+09:00,zae,KeyEvent,13:10:8,w12_2,Editor,/Users/zae/IdeaProject/w12_2/src/SynchronizedTest.java,SynchronizedTest::main,2,34,Default task
2022-11-30T16:40:19.658+09:00,zae,KeyEvent,10:10:0,,,,,-1,-1,
2022-11-30T16:42:45.066+09:00,zae,KeyEvent,65535:157:20,w12_2,Editor,/Users/zae/IdeaProject/w12_2/src/Actor.java,,0,0,Default task
2022-11-30T16:42:45.189+09:00,zae,Action,EditorPaste,w12_2,Editor,/Users/zae/IdeaProject/w12_2/src/Actor.java,,0,0,Default task
2022-11-30T16:42:45.231+09:00,zae,KeyEvent,118:86:4,w12_2,Editor,/Users/zae/IdeaProject/w12_2/src/Actor.java,,14,1,Default task
2022-11-30T16:42:48.432+09:00,zae,KeyEvent,65535:18:8,w12_2,Editor,/Users/zae/IdeaProject/w12_2/src/Actor.java,Actor::Actor,4,32,Default task
2022-11-30T16:42:48.568+09:00,zae,Action,ShowIntentionActions,w12_2,Editor,/Users/zae/IdeaProject/w12_2/src/Actor.java,Actor::Actor,4,32,Default task
2022-11-30T16:42:48.603+09:00,zae,KeyEvent,13:10:8,w12_2,Editor,/Users/zae/IdeaProject/w12_2/src/Actor.java,Actor::Actor,6,32,Default task
2022-11-30T16:42:48.891+09:00,zae,Action,EditorEnter,w12_2,Editor,/Users/zae/IdeaProject/w12_2/src/Actor.java,Actor::Actor,6,32,Default task
2022-11-30T16:42:48.901+09:00,zae,KeyEvent,10:10:0,w12_2,Editor,/Users/zae/IdeaProject/w12_2/src/Actor.java,Actor::Actor,7,12,Default task
2022-11-30T16:42:49.960+09:00,zae,KeyEvent,65535:157:4,w12_2,Editor,/Users/zae/IdeaProject/w12_2/src/Actor.java,Actor::Actor,7,12,Default task
2022-11-30T16:42:50.176+09:00,zae,Action,$Undo,w12_2,Editor,/Users/zae/IdeaProject/w12_2/src/Actor.java,Actor::Actor,7,12,Default task
2022-11-30T16:42:50.188+09:00,zae,KeyEvent,122:90:4,w12_2,Editor,/Users/zae/IdeaProject/w12_2/src/Actor.java,Actor::Actor,6,32,Default task
2022-11-30T16:42:58.928+09:00,zae,KeyEvent,65535:157:20,w12_2,Editor,/Users/zae/IdeaProject/w12_2/src/Actor2.java,,0,0,Default task
2022-11-30T16:42:59.033+09:00,zae,Action,EditorPaste,w12_2,Editor,/Users/zae/IdeaProject/w12_2/src/Actor2.java,,0,0,Default task
2022-11-30T16:42:59.046+09:00,zae,KeyEvent,118:86:4,w12_2,Editor,/Users/zae/IdeaProject/w12_2/src/Actor2.java,,14,1,Default task
2022-11-30T16:43:02.230+09:00,zae,KeyEvent,65535:18:8,w12_2,Editor,/Users/zae/IdeaProject/w12_2/src/Actor2.java,Actor2::Actor2,4,37,Default task
2022-11-30T16:43:02.389+09:00,zae,KeyEvent,13:10:8,w12_2,Editor,/Users/zae/IdeaProject/w12_2/src/Actor2.java,Actor2::Actor2,4,37,Default task
2022-11-30T16:43:02.933+09:00,zae,KeyEvent,10:10:0,,,,,-1,-1,
2022-11-30T16:43:32.494+09:00,zae,KeyEvent,65535:157:4,w12_2,Project,/Users/zae/IdeaProject/w12_2/src/SynchronizedTest.java,SynchronizedTest::main,5,36,Default task
2022-11-30T16:43:34.253+09:00,zae,Action,NewElement,w12_2,Project,/Users/zae/IdeaProject/w12_2/src/SynchronizedTest.java,SynchronizedTest::main,5,36,Default task
2022-11-30T16:43:34.275+09:00,zae,KeyEvent,110:78:4,w12_2,Project,/Users/zae/IdeaProject/w12_2/src/SynchronizedTest.java,SynchronizedTest::main,5,36,Default task
2022-11-30T16:43:34.793+09:00,zae,Action,NewClass,,,,,-1,-1,
2022-11-30T16:43:34.813+09:00,zae,KeyEvent,10:10:0,,,,,-1,-1,
2022-11-30T16:43:35.567+09:00,zae,KeyEvent,65535:16:1,w12_2,Project,/Users/zae/IdeaProject/w12_2/src/SynchronizedTest.java,SynchronizedTest::main,5,36,Default task
2022-11-30T16:43:36.143+09:00,zae,KeyEvent,67:67:1,w12_2,Project,/Users/zae/IdeaProject/w12_2/src/SynchronizedTest.java,SynchronizedTest::main,5,36,Default task
2022-11-30T16:43:36.351+09:00,zae,KeyEvent,111:79:0,w12_2,Project,/Users/zae/IdeaProject/w12_2/src/SynchronizedTest.java,SynchronizedTest::main,5,36,Default task
2022-11-30T16:43:36.555+09:00,zae,KeyEvent,117:85:0,w12_2,Project,/Users/zae/IdeaProject/w12_2/src/SynchronizedTest.java,SynchronizedTest::main,5,36,Default task
2022-11-30T16:43:36.712+09:00,zae,KeyEvent,110:78:0,w12_2,Project,/Users/zae/IdeaProject/w12_2/src/SynchronizedTest.java,SynchronizedTest::main,5,36,Default task
2022-11-30T16:43:36.854+09:00,zae,KeyEvent,116:84:0,w12_2,Project,/Users/zae/IdeaProject/w12_2/src/SynchronizedTest.java,SynchronizedTest::main,5,36,Default task
2022-11-30T16:43:36.983+09:00,zae,KeyEvent,101:69:0,w12_2,Project,/Users/zae/IdeaProject/w12_2/src/SynchronizedTest.java,SynchronizedTest::main,5,36,Default task
2022-11-30T16:43:37.107+09:00,zae,KeyEvent,114:82:0,w12_2,Project,/Users/zae/IdeaProject/w12_2/src/SynchronizedTest.java,SynchronizedTest::main,5,36,Default task
2022-11-30T16:43:37.378+09:00,zae,KeyEvent,10:10:0,,,,,-1,-1,
2022-11-30T16:43:42.039+09:00,zae,KeyEvent,65535:157:20,w12_2,Editor,/Users/zae/IdeaProject/w12_2/src/Counter.java,,0,0,Default task
2022-11-30T16:43:42.178+09:00,zae,Action,EditorPaste,w12_2,Editor,/Users/zae/IdeaProject/w12_2/src/Counter.java,,0,0,Default task
2022-11-30T16:43:42.188+09:00,zae,KeyEvent,118:86:4,w12_2,Editor,/Users/zae/IdeaProject/w12_2/src/Counter.java,,11,1,Default task
2022-11-30T16:44:15.051+09:00,zae,Action,EditorBackSpace,w12_2,Editor,/Users/zae/IdeaProject/w12_2/src/SynchronizedTest.java,,0,0,Default task
2022-11-30T16:44:15.053+09:00,zae,KeyEvent,8:8:0,w12_2,Editor,/Users/zae/IdeaProject/w12_2/src/SynchronizedTest.java,,0,0,Default task
2022-11-30T16:44:26.027+09:00,zae,KeyEvent,65535:18:8,w12_2,Editor,/Users/zae/IdeaProject/w12_2/src/Actor2.java,Actor2::run,13,24,Default task
2022-11-30T16:44:26.257+09:00,zae,Action,ShowIntentionActions,w12_2,Editor,/Users/zae/IdeaProject/w12_2/src/Actor2.java,Actor2::run,13,24,Default task
2022-11-30T16:44:26.265+09:00,zae,KeyEvent,13:10:8,w12_2,Editor,/Users/zae/IdeaProject/w12_2/src/Actor2.java,Actor2::run,13,24,Default task
2022-11-30T16:44:29.599+09:00,zae,KeyEvent,65535:18:8,w12_2,Editor,/Users/zae/IdeaProject/w12_2/src/Actor2.java,Actor2::run,13,24,Default task
2022-11-30T16:44:29.922+09:00,zae,KeyEvent,13:10:8,w12_2,Editor,/Users/zae/IdeaProject/w12_2/src/Actor2.java,Actor2::run,13,24,Default task
2022-11-30T16:44:31.232+09:00,zae,KeyEvent,10:10:0,,,,,-1,-1,
2022-11-30T16:44:36.558+09:00,zae,KeyEvent,65535:157:4,w12_2,Editor,/Users/zae/IdeaProject/w12_2/src/Actor2.java,Actor2::run,13,31,Default task
2022-11-30T16:44:36.746+09:00,zae,Action,EditorCopy,w12_2,Editor,/Users/zae/IdeaProject/w12_2/src/Actor2.java,Actor2::run,13,31,Default task
2022-11-30T16:44:36.754+09:00,zae,KeyEvent,99:67:4,w12_2,Editor,/Users/zae/IdeaProject/w12_2/src/Actor2.java,Actor2::run,13,31,Default task
2022-11-30T16:45:30.365+09:00,zae,KeyEvent,65535:157:4,w12_2,Editor,/Users/zae/IdeaProject/w12_2/src/Counter.java,Counter::decrement,5,27,Default task
2022-11-30T16:45:30.620+09:00,zae,Action,EditorCopy,w12_2,Editor,/Users/zae/IdeaProject/w12_2/src/Counter.java,Counter::decrement,5,27,Default task
2022-11-30T16:45:30.626+09:00,zae,KeyEvent,99:67:4,w12_2,Editor,/Users/zae/IdeaProject/w12_2/src/Counter.java,Counter::decrement,5,27,Default task
2022-11-30T16:45:34.286+09:00,zae,Action,EditorEnter,w12_2,Editor,/Users/zae/IdeaProject/w12_2/src/Actor2.java,Actor2::run,13,32,Default task
2022-11-30T16:45:34.289+09:00,zae,KeyEvent,10:10:0,w12_2,Editor,/Users/zae/IdeaProject/w12_2/src/Actor2.java,Actor2::run,14,12,Default task
2022-11-30T16:45:34.428+09:00,zae,KeyEvent,65535:157:4,w12_2,Editor,/Users/zae/IdeaProject/w12_2/src/Actor2.java,Actor2::run,14,12,Default task
2022-11-30T16:45:34.551+09:00,zae,Action,EditorPaste,w12_2,Editor,/Users/zae/IdeaProject/w12_2/src/Actor2.java,Actor2::run,14,12,Default task
2022-11-30T16:45:34.558+09:00,zae,KeyEvent,118:86:4,w12_2,Editor,/Users/zae/IdeaProject/w12_2/src/Actor2.java,Actor2::run,14,23,Default task
2022-11-30T16:45:35.089+09:00,zae,Action,EditorLeft,w12_2,Editor,/Users/zae/IdeaProject/w12_2/src/Actor2.java,Actor2::run,14,23,Default task
2022-11-30T16:45:35.091+09:00,zae,KeyEvent,65535:37:0,w12_2,Editor,/Users/zae/IdeaProject/w12_2/src/Actor2.java,Actor2::run,14,22,Default task
2022-11-30T16:45:35.587+09:00,zae,Action,EditorLeft,w12_2,Editor,/Users/zae/IdeaProject/w12_2/src/Actor2.java,Actor2::run,14,22,Default task
2022-11-30T16:45:35.588+09:00,zae,KeyEvent,65535:37:0,w12_2,Editor,/Users/zae/IdeaProject/w12_2/src/Actor2.java,Actor2::run,14,21,Default task
2022-11-30T16:45:35.672+09:00,zae,Action,EditorLeft,w12_2,Editor,/Users/zae/IdeaProject/w12_2/src/Actor2.java,Actor2::run,14,21,Default task
2022-11-30T16:45:35.673+09:00,zae,KeyEvent,65535:37:0,w12_2,Editor,/Users/zae/IdeaProject/w12_2/src/Actor2.java,Actor2::run,14,20,Default task
2022-11-30T16:45:35.757+09:00,zae,Action,EditorLeft,w12_2,Editor,/Users/zae/IdeaProject/w12_2/src/Actor2.java,Actor2::run,14,20,Default task
2022-11-30T16:45:35.758+09:00,zae,KeyEvent,65535:37:0,w12_2,Editor,/Users/zae/IdeaProject/w12_2/src/Actor2.java,Actor2::run,14,19,Default task
2022-11-30T16:45:35.839+09:00,zae,Action,EditorLeft,w12_2,Editor,/Users/zae/IdeaProject/w12_2/src/Actor2.java,Actor2::run,14,19,Default task
2022-11-30T16:45:35.840+09:00,zae,KeyEvent,65535:37:0,w12_2,Editor,/Users/zae/IdeaProject/w12_2/src/Actor2.java,Actor2::run,14,18,Default task
2022-11-30T16:45:35.923+09:00,zae,Action,EditorLeft,w12_2,Editor,/Users/zae/IdeaProject/w12_2/src/Actor2.java,Actor2::run,14,18,Default task
2022-11-30T16:45:35.924+09:00,zae,KeyEvent,65535:37:0,w12_2,Editor,/Users/zae/IdeaProject/w12_2/src/Actor2.java,Actor2::run,14,17,Default task
2022-11-30T16:45:36.006+09:00,zae,Action,EditorLeft,w12_2,Editor,/Users/zae/IdeaProject/w12_2/src/Actor2.java,Actor2::run,14,17,Default task
2022-11-30T16:45:36.006+09:00,zae,KeyEvent,65535:37:0,w12_2,Editor,/Users/zae/IdeaProject/w12_2/src/Actor2.java,Actor2::run,14,16,Default task
2022-11-30T16:45:36.089+09:00,zae,Action,EditorLeft,w12_2,Editor,/Users/zae/IdeaProject/w12_2/src/Actor2.java,Actor2::run,14,16,Default task
2022-11-30T16:45:36.090+09:00,zae,KeyEvent,65535:37:0,w12_2,Editor,/Users/zae/IdeaProject/w12_2/src/Actor2.java,Actor2::run,14,15,Default task
2022-11-30T16:45:36.176+09:00,zae,Action,EditorLeft,w12_2,Editor,/Users/zae/IdeaProject/w12_2/src/Actor2.java,Actor2::run,14,15,Default task
2022-11-30T16:45:36.176+09:00,zae,KeyEvent,65535:37:0,w12_2,Editor,/Users/zae/IdeaProject/w12_2/src/Actor2.java,Actor2::run,14,14,Default task
2022-11-30T16:45:36.260+09:00,zae,Action,EditorLeft,w12_2,Editor,/Users/zae/IdeaProject/w12_2/src/Actor2.java,Actor2::run,14,14,Default task
2022-11-30T16:45:36.261+09:00,zae,KeyEvent,65535:37:0,w12_2,Editor,/Users/zae/IdeaProject/w12_2/src/Actor2.java,Actor2::run,14,13,Default task
2022-11-30T16:45:36.460+09:00,zae,Action,EditorLeft,w12_2,Editor,/Users/zae/IdeaProject/w12_2/src/Actor2.java,Actor2::run,14,13,Default task
2022-11-30T16:45:36.461+09:00,zae,KeyEvent,65535:37:0,w12_2,Editor,/Users/zae/IdeaProject/w12_2/src/Actor2.java,Actor2::run,14,12,Default task
2022-11-30T16:45:39.224+09:00,zae,KeyEvent,46:46:0,w12_2,Editor,/Users/zae/IdeaProject/w12_2/src/Actor2.java,Actor2::run,14,12,Default task
2022-11-30T16:45:39.582+09:00,zae,KeyEvent,99:67:0,w12_2,Editor,/Users/zae/IdeaProject/w12_2/src/Actor2.java,Actor2::run,14,13,Default task
2022-11-30T16:45:39.634+09:00,zae,KeyEvent,111:79:0,w12_2,Editor,/Users/zae/IdeaProject/w12_2/src/Actor2.java,Actor2::run,14,14,Default task
2022-11-30T16:45:40.026+09:00,zae,KeyEvent,117:85:0,w12_2,Editor,/Users/zae/IdeaProject/w12_2/src/Actor2.java,Actor2::run,14,15,Default task
2022-11-30T16:45:40.574+09:00,zae,Action,EditorBackSpace,w12_2,Editor,/Users/zae/IdeaProject/w12_2/src/Actor2.java,Actor2::run,14,16,Default task
2022-11-30T16:45:40.576+09:00,zae,KeyEvent,8:8:0,w12_2,Editor,/Users/zae/IdeaProject/w12_2/src/Actor2.java,Actor2::run,14,15,Default task
2022-11-30T16:45:40.704+09:00,zae,Action,EditorBackSpace,w12_2,Editor,/Users/zae/IdeaProject/w12_2/src/Actor2.java,Actor2::run,14,15,Default task
2022-11-30T16:45:40.706+09:00,zae,KeyEvent,8:8:0,w12_2,Editor,/Users/zae/IdeaProject/w12_2/src/Actor2.java,Actor2::run,14,14,Default task
2022-11-30T16:45:40.865+09:00,zae,Action,EditorBackSpace,w12_2,Editor,/Users/zae/IdeaProject/w12_2/src/Actor2.java,Actor2::run,14,14,Default task
2022-11-30T16:45:40.866+09:00,zae,KeyEvent,8:8:0,w12_2,Editor,/Users/zae/IdeaProject/w12_2/src/Actor2.java,Actor2::run,14,13,Default task
2022-11-30T16:45:41.119+09:00,zae,Action,EditorLeft,w12_2,Editor,/Users/zae/IdeaProject/w12_2/src/Actor2.java,Actor2::run,14,13,Default task
2022-11-30T16:45:41.120+09:00,zae,KeyEvent,65535:37:0,w12_2,Editor,/Users/zae/IdeaProject/w12_2/src/Actor2.java,Actor2::run,14,12,Default task
2022-11-30T16:45:41.690+09:00,zae,KeyEvent,99:67:0,w12_2,Editor,/Users/zae/IdeaProject/w12_2/src/Actor2.java,Actor2::run,14,12,Default task
2022-11-30T16:45:41.816+09:00,zae,KeyEvent,111:79:0,w12_2,Editor,/Users/zae/IdeaProject/w12_2/src/Actor2.java,Actor2::run,14,13,Default task
2022-11-30T16:45:42.251+09:00,zae,Action,EditorChooseLookupItem,w12_2,Editor,/Users/zae/IdeaProject/w12_2/src/Actor2.java,Actor2::run,14,14,Default task
2022-11-30T16:45:42.262+09:00,zae,KeyEvent,10:10:0,w12_2,Editor,/Users/zae/IdeaProject/w12_2/src/Actor2.java,Actor2::run,14,19,Default task
2022-11-30T16:45:44.451+09:00,zae,KeyEvent,59:59:0,w12_2,Editor,/Users/zae/IdeaProject/w12_2/src/Actor2.java,Actor2::run,14,31,Default task
2022-11-30T16:45:45.076+09:00,zae,KeyEvent,65535:16:1,w12_2,Editor,/Users/zae/IdeaProject/w12_2/src/Actor2.java,Actor2::run,14,32,Default task
2022-11-30T16:45:45.856+09:00,zae,Action,EditorBackSpace,w12_2,Editor,/Users/zae/IdeaProject/w12_2/src/Actor2.java,Actor2::run,13,32,Default task
2022-11-30T16:45:45.859+09:00,zae,KeyEvent,8:8:0,w12_2,Editor,/Users/zae/IdeaProject/w12_2/src/Actor2.java,Actor2::run,13,32,Default task
2022-11-30T16:46:08.136+09:00,zae,Action,EditorBackSpace,w12_2,Editor,/Users/zae/IdeaProject/w12_2/src/Actor2.java,,0,0,Default task
2022-11-30T16:46:08.138+09:00,zae,KeyEvent,8:8:0,w12_2,Editor,/Users/zae/IdeaProject/w12_2/src/Actor2.java,,0,0,Default task
2022-11-30T16:46:11.542+09:00,zae,Action,EditorBackSpace,w12_2,Editor,/Users/zae/IdeaProject/w12_2/src/Actor.java,,0,0,Default task
2022-11-30T16:46:11.544+09:00,zae,KeyEvent,8:8:0,w12_2,Editor,/Users/zae/IdeaProject/w12_2/src/Actor.java,,0,0,Default task
2022-11-30T16:46:11.948+09:00,zae,Action,EditorBackSpace,w12_2,Editor,/Users/zae/IdeaProject/w12_2/src/Actor.java,,0,0,Default task
2022-11-30T16:46:11.949+09:00,zae,KeyEvent,8:8:0,w12_2,Editor,/Users/zae/IdeaProject/w12_2/src/Actor.java,,0,0,Default task
2022-11-30T16:46:46.787+09:00,zae,Action,EditorLeft,w12_2,Editor,/Users/zae/IdeaProject/w12_2/src/Actor2.java,Actor2::run,11,15,Default task
2022-11-30T16:46:46.788+09:00,zae,KeyEvent,65535:37:0,w12_2,Editor,/Users/zae/IdeaProject/w12_2/src/Actor2.java,Actor2::run,11,14,Default task
2022-11-30T16:46:46.977+09:00,zae,Action,EditorLeft,w12_2,Editor,/Users/zae/IdeaProject/w12_2/src/Actor2.java,Actor2::run,11,14,Default task
2022-11-30T16:46:46.977+09:00,zae,KeyEvent,65535:37:0,w12_2,Editor,/Users/zae/IdeaProject/w12_2/src/Actor2.java,Actor2::run,11,13,Default task
2022-11-30T16:46:47.120+09:00,zae,Action,EditorLeft,w12_2,Editor,/Users/zae/IdeaProject/w12_2/src/Actor2.java,Actor2::run,11,13,Default task
2022-11-30T16:46:47.121+09:00,zae,KeyEvent,65535:37:0,w12_2,Editor,/Users/zae/IdeaProject/w12_2/src/Actor2.java,Actor2::run,11,12,Default task
2022-11-30T16:46:47.613+09:00,zae,Action,EditorLeft,w12_2,Editor,/Users/zae/IdeaProject/w12_2/src/Actor2.java,Actor2::run,11,12,Default task
2022-11-30T16:46:47.614+09:00,zae,KeyEvent,65535:37:0,w12_2,Editor,/Users/zae/IdeaProject/w12_2/src/Actor2.java,Actor2::run,11,11,Default task
2022-11-30T16:46:48.148+09:00,zae,KeyEvent,115:83:0,w12_2,Editor,/Users/zae/IdeaProject/w12_2/src/Actor2.java,Actor2::run,11,11,Default task
2022-11-30T16:46:48.206+09:00,zae,KeyEvent,121:89:0,w12_2,Editor,/Users/zae/IdeaProject/w12_2/src/Actor2.java,Actor2::run,11,12,Default task
2022-11-30T16:46:48.905+09:00,zae,Action,EditorChooseLookupItem,w12_2,Editor,/Users/zae/IdeaProject/w12_2/src/Actor2.java,Actor2::run,11,13,Default task
2022-11-30T16:46:48.917+09:00,zae,KeyEvent,10:10:0,w12_2,Editor,/Users/zae/IdeaProject/w12_2/src/Actor2.java,Actor2::run,11,24,Default task
2022-11-30T16:46:49.320+09:00,zae,KeyEvent,32:32:0,w12_2,Editor,/Users/zae/IdeaProject/w12_2/src/Actor2.java,Actor2::run,11,24,Default task
2022-11-30T16:46:49.728+09:00,zae,Action,EditorBackSpace,w12_2,Editor,/Users/zae/IdeaProject/w12_2/src/Actor2.java,Actor2::run,11,25,Default task
2022-11-30T16:46:49.730+09:00,zae,KeyEvent,8:8:0,w12_2,Editor,/Users/zae/IdeaProject/w12_2/src/Actor2.java,Actor2::run,11,24,Default task
2022-11-30T16:46:54.433+09:00,zae,KeyEvent,115:83:0,w12_2,Editor,/Users/zae/IdeaProject/w12_2/src/Actor.java,Actor::run,11,11,Default task
2022-11-30T16:46:54.620+09:00,zae,KeyEvent,121:89:0,w12_2,Editor,/Users/zae/IdeaProject/w12_2/src/Actor.java,Actor::run,11,12,Default task
2022-11-30T16:46:55.097+09:00,zae,Action,EditorChooseLookupItem,w12_2,Editor,/Users/zae/IdeaProject/w12_2/src/Actor.java,Actor::run,11,13,Default task
2022-11-30T16:46:55.109+09:00,zae,KeyEvent,10:10:0,w12_2,Editor,/Users/zae/IdeaProject/w12_2/src/Actor.java,Actor::run,11,24,Default task
2022-11-30T16:46:55.499+09:00,zae,KeyEvent,32:32:0,w12_2,Editor,/Users/zae/IdeaProject/w12_2/src/Actor.java,Actor::run,11,24,Default task
2022-11-30T16:46:55.945+09:00,zae,Action,EditorBackSpace,w12_2,Editor,/Users/zae/IdeaProject/w12_2/src/Actor.java,Actor::run,11,25,Default task
2022-11-30T16:46:55.947+09:00,zae,KeyEvent,8:8:0,w12_2,Editor,/Users/zae/IdeaProject/w12_2/src/Actor.java,Actor::run,11,24,Default task
2022-11-30T16:47:06.149+09:00,zae,Action,EditorRight,w12_2,Editor,/Users/zae/IdeaProject/w12_2/src/Actor.java,Actor::run,11,10,Default task
2022-11-30T16:47:06.150+09:00,zae,KeyEvent,65535:39:0,w12_2,Editor,/Users/zae/IdeaProject/w12_2/src/Actor.java,Actor::run,11,11,Default task
2022-11-30T16:47:06.450+09:00,zae,KeyEvent,115:83:0,w12_2,Editor,/Users/zae/IdeaProject/w12_2/src/Actor.java,Actor::run,11,11,Default task
2022-11-30T16:47:06.590+09:00,zae,KeyEvent,116:84:0,w12_2,Editor,/Users/zae/IdeaProject/w12_2/src/Actor.java,,11,12,Default task
2022-11-30T16:47:06.705+09:00,zae,KeyEvent,97:65:0,w12_2,Editor,/Users/zae/IdeaProject/w12_2/src/Actor.java,,11,13,Default task
2022-11-30T16:47:06.822+09:00,zae,KeyEvent,116:84:0,w12_2,Editor,/Users/zae/IdeaProject/w12_2/src/Actor.java,,11,14,Default task
2022-11-30T16:47:07.095+09:00,zae,Action,EditorChooseLookupItem,w12_2,Editor,/Users/zae/IdeaProject/w12_2/src/Actor.java,,11,15,Default task
2022-11-30T16:47:07.105+09:00,zae,KeyEvent,10:10:0,w12_2,Editor,/Users/zae/IdeaProject/w12_2/src/Actor.java,,11,18,Default task
2022-11-30T16:47:08.537+09:00,zae,KeyEvent,65535:157:4,w12_2,Editor,/Users/zae/IdeaProject/w12_2/src/Actor.java,Actor::run,11,18,Default task
2022-11-30T16:47:08.974+09:00,zae,Action,$Undo,w12_2,Editor,/Users/zae/IdeaProject/w12_2/src/Actor.java,Actor::run,11,18,Default task
2022-11-30T16:47:08.977+09:00,zae,KeyEvent,122:90:4,w12_2,Editor,/Users/zae/IdeaProject/w12_2/src/Actor.java,Actor::run,11,15,Default task
2022-11-30T16:47:09.553+09:00,zae,KeyEvent,65535:157:4,w12_2,Editor,/Users/zae/IdeaProject/w12_2/src/Actor.java,,11,15,Default task
2022-11-30T16:47:09.726+09:00,zae,Action,$Undo,w12_2,Editor,/Users/zae/IdeaProject/w12_2/src/Actor.java,,11,15,Default task
2022-11-30T16:47:09.730+09:00,zae,KeyEvent,122:90:4,w12_2,Editor,/Users/zae/IdeaProject/w12_2/src/Actor.java,,11,11,Default task
2022-11-30T16:47:19.219+09:00,zae,KeyEvent,115:83:0,w12_2,Editor,/Users/zae/IdeaProject/w12_2/src/Actor.java,,2,8,Default task
2022-11-30T16:47:20.281+09:00,zae,KeyEvent,117:85:0,w12_2,Editor,/Users/zae/IdeaProject/w12_2/src/Actor.java,,2,9,Default task
2022-11-30T16:47:20.539+09:00,zae,Action,EditorBackSpace,w12_2,Editor,/Users/zae/IdeaProject/w12_2/src/Actor.java,,2,10,Default task
2022-11-30T16:47:20.540+09:00,zae,KeyEvent,8:8:0,w12_2,Editor,/Users/zae/IdeaProject/w12_2/src/Actor.java,,2,9,Default task
2022-11-30T16:47:20.715+09:00,zae,KeyEvent,117:85:0,w12_2,Editor,/Users/zae/IdeaProject/w12_2/src/Actor.java,,2,9,Default task
2022-11-30T16:47:20.728+09:00,zae,KeyEvent,121:89:0,w12_2,Editor,/Users/zae/IdeaProject/w12_2/src/Actor.java,,2,10,Default task
2022-11-30T16:47:20.983+09:00,zae,KeyEvent,110:78:0,w12_2,Editor,/Users/zae/IdeaProject/w12_2/src/Actor.java,,2,11,Default task
2022-11-30T16:47:21.252+09:00,zae,Action,EditorBackSpace,w12_2,Editor,/Users/zae/IdeaProject/w12_2/src/Actor.java,,2,12,Default task
2022-11-30T16:47:21.255+09:00,zae,KeyEvent,8:8:0,w12_2,Editor,/Users/zae/IdeaProject/w12_2/src/Actor.java,,2,11,Default task
2022-11-30T16:47:21.366+09:00,zae,Action,EditorBackSpace,w12_2,Editor,/Users/zae/IdeaProject/w12_2/src/Actor.java,,2,11,Default task
2022-11-30T16:47:21.368+09:00,zae,KeyEvent,8:8:0,w12_2,Editor,/Users/zae/IdeaProject/w12_2/src/Actor.java,,2,10,Default task
2022-11-30T16:47:21.560+09:00,zae,Action,EditorBackSpace,w12_2,Editor,/Users/zae/IdeaProject/w12_2/src/Actor.java,,2,10,Default task
2022-11-30T16:47:21.563+09:00,zae,KeyEvent,8:8:0,w12_2,Editor,/Users/zae/IdeaProject/w12_2/src/Actor.java,,2,9,Default task
2022-11-30T16:47:21.840+09:00,zae,Action,EditorBackSpace,w12_2,Editor,/Users/zae/IdeaProject/w12_2/src/Actor.java,,2,9,Default task
2022-11-30T16:47:21.842+09:00,zae,KeyEvent,8:8:0,w12_2,Editor,/Users/zae/IdeaProject/w12_2/src/Actor.java,,2,8,Default task
2022-11-30T16:47:21.987+09:00,zae,KeyEvent,121:89:0,w12_2,Editor,/Users/zae/IdeaProject/w12_2/src/Actor.java,,2,8,Default task
2022-11-30T16:47:22.247+09:00,zae,Action,EditorBackSpace,w12_2,Editor,/Users/zae/IdeaProject/w12_2/src/Actor.java,,2,9,Default task
2022-11-30T16:47:22.249+09:00,zae,KeyEvent,8:8:0,w12_2,Editor,/Users/zae/IdeaProject/w12_2/src/Actor.java,,2,8,Default task
2022-11-30T16:47:22.385+09:00,zae,KeyEvent,115:83:0,w12_2,Editor,/Users/zae/IdeaProject/w12_2/src/Actor.java,,2,8,Default task
2022-11-30T16:47:22.456+09:00,zae,KeyEvent,121:89:0,w12_2,Editor,/Users/zae/IdeaProject/w12_2/src/Actor.java,,2,9,Default task
2022-11-30T16:47:22.804+09:00,zae,KeyEvent,110:78:0,w12_2,Editor,/Users/zae/IdeaProject/w12_2/src/Actor.java,,2,10,Default task
2022-11-30T16:47:23.446+09:00,zae,Action,EditorBackSpace,w12_2,Editor,/Users/zae/IdeaProject/w12_2/src/Actor.java,,2,11,Default task
2022-11-30T16:47:23.448+09:00,zae,KeyEvent,8:8:0,w12_2,Editor,/Users/zae/IdeaProject/w12_2/src/Actor.java,,2,10,Default task
2022-11-30T16:47:23.604+09:00,zae,Action,EditorBackSpace,w12_2,Editor,/Users/zae/IdeaProject/w12_2/src/Actor.java,,2,10,Default task
2022-11-30T16:47:23.606+09:00,zae,KeyEvent,8:8:0,w12_2,Editor,/Users/zae/IdeaProject/w12_2/src/Actor.java,,2,9,Default task
2022-11-30T16:47:23.733+09:00,zae,Action,EditorBackSpace,w12_2,Editor,/Users/zae/IdeaProject/w12_2/src/Actor.java,,2,9,Default task
2022-11-30T16:47:23.735+09:00,zae,KeyEvent,8:8:0,w12_2,Editor,/Users/zae/IdeaProject/w12_2/src/Actor.java,,2,8,Default task
2022-11-30T16:47:24.017+09:00,zae,KeyEvent,32:32:0,w12_2,Editor,/Users/zae/IdeaProject/w12_2/src/Actor.java,,2,8,Default task
2022-11-30T16:47:24.365+09:00,zae,Action,EditorBackSpace,w12_2,Editor,/Users/zae/IdeaProject/w12_2/src/Actor.java,,2,9,Default task
2022-11-30T16:47:24.367+09:00,zae,KeyEvent,8:8:0,w12_2,Editor,/Users/zae/IdeaProject/w12_2/src/Actor.java,,2,8,Default task
2022-11-30T16:48:03.363+09:00,zae,KeyEvent,115:83:0,w12_2,Editor,/Users/zae/IdeaProject/w12_2/src/Actor.java,Actor::run,11,11,Default task
2022-11-30T16:48:03.539+09:00,zae,KeyEvent,116:84:0,w12_2,Editor,/Users/zae/IdeaProject/w12_2/src/Actor.java,,11,12,Default task
2022-11-30T16:48:03.638+09:00,zae,KeyEvent,97:65:0,w12_2,Editor,/Users/zae/IdeaProject/w12_2/src/Actor.java,,11,13,Default task
2022-11-30T16:48:03.997+09:00,zae,Action,EditorChooseLookupItem,w12_2,Editor,/Users/zae/IdeaProject/w12_2/src/Actor.java,,11,14,Default task
2022-11-30T16:48:04.007+09:00,zae,KeyEvent,10:10:0,w12_2,Editor,/Users/zae/IdeaProject/w12_2/src/Actor.java,,11,18,Default task
2022-11-30T16:48:07.089+09:00,zae,KeyEvent,65535:157:4,w12_2,Editor,/Users/zae/IdeaProject/w12_2/src/Actor.java,Actor::run,11,18,Default task
2022-11-30T16:48:07.326+09:00,zae,Action,$Undo,w12_2,Editor,/Users/zae/IdeaProject/w12_2/src/Actor.java,Actor::run,11,18,Default task
2022-11-30T16:48:07.332+09:00,zae,KeyEvent,122:90:4,w12_2,Editor,/Users/zae/IdeaProject/w12_2/src/Actor.java,Actor::run,11,14,Default task
2022-11-30T16:48:07.858+09:00,zae,Action,$Undo,w12_2,Editor,/Users/zae/IdeaProject/w12_2/src/Actor.java,,11,14,Default task
2022-11-30T16:48:07.861+09:00,zae,KeyEvent,122:90:4,w12_2,Editor,/Users/zae/IdeaProject/w12_2/src/Actor.java,,11,11,Default task
2022-11-30T16:49:23.934+09:00,zae,Action,EditorBackSpace,w12_2,Editor,/Users/zae/IdeaProject/w12_2/src/Actor.java,,2,14,Default task
2022-11-30T16:49:23.936+09:00,zae,KeyEvent,8:8:0,w12_2,Editor,/Users/zae/IdeaProject/w12_2/src/Actor.java,,2,13,Default task
2022-11-30T16:49:24.091+09:00,zae,Action,EditorBackSpace,w12_2,Editor,/Users/zae/IdeaProject/w12_2/src/Actor.java,,2,13,Default task
2022-11-30T16:49:24.093+09:00,zae,KeyEvent,8:8:0,w12_2,Editor,/Users/zae/IdeaProject/w12_2/src/Actor.java,,2,12,Default task
2022-11-30T16:49:24.240+09:00,zae,Action,EditorBackSpace,w12_2,Editor,/Users/zae/IdeaProject/w12_2/src/Actor.java,,2,12,Default task
2022-11-30T16:49:24.250+09:00,zae,KeyEvent,8:8:0,w12_2,Editor,/Users/zae/IdeaProject/w12_2/src/Actor.java,,2,11,Default task
2022-11-30T16:49:24.375+09:00,zae,Action,EditorBackSpace,w12_2,Editor,/Users/zae/IdeaProject/w12_2/src/Actor.java,,2,11,Default task
2022-11-30T16:49:24.377+09:00,zae,KeyEvent,8:8:0,w12_2,Editor,/Users/zae/IdeaProject/w12_2/src/Actor.java,,2,10,Default task
2022-11-30T16:49:24.580+09:00,zae,Action,EditorBackSpace,w12_2,Editor,/Users/zae/IdeaProject/w12_2/src/Actor.java,,2,10,Default task
2022-11-30T16:49:24.581+09:00,zae,KeyEvent,8:8:0,w12_2,Editor,/Users/zae/IdeaProject/w12_2/src/Actor.java,,2,9,Default task
2022-11-30T16:49:25.010+09:00,zae,Action,EditorBackSpace,w12_2,Editor,/Users/zae/IdeaProject/w12_2/src/Actor.java,,2,9,Default task
2022-11-30T16:49:25.012+09:00,zae,KeyEvent,8:8:0,w12_2,Editor,/Users/zae/IdeaProject/w12_2/src/Actor.java,,2,8,Default task
2022-11-30T16:49:28.984+09:00,zae,KeyEvent,65535:157:4,w12_2,Editor,/Users/zae/IdeaProject/w12_2/src/Actor.java,,2,8,Default task
2022-11-30T16:49:29.185+09:00,zae,Action,$Undo,w12_2,Editor,/Users/zae/IdeaProject/w12_2/src/Actor.java,,2,8,Default task
2022-11-30T16:49:29.189+09:00,zae,KeyEvent,122:90:4,w12_2,Editor,/Users/zae/IdeaProject/w12_2/src/Actor.java,,2,14,Default task
2022-11-30T16:50:02.926+09:00,zae,Action,EditorBackSpace,w12_2,Editor,/Users/zae/IdeaProject/w12_2/src/Actor.java,,2,8,Default task
2022-11-30T16:50:02.928+09:00,zae,KeyEvent,8:8:0,w12_2,Editor,/Users/zae/IdeaProject/w12_2/src/Actor.java,,2,8,Default task
2022-11-30T16:50:03.624+09:00,zae,KeyEvent,65535:157:4,w12_2,Editor,/Users/zae/IdeaProject/w12_2/src/Actor.java,,2,8,Default task
2022-11-30T16:50:03.864+09:00,zae,Action,$Undo,w12_2,Editor,/Users/zae/IdeaProject/w12_2/src/Actor.java,,2,8,Default task
2022-11-30T16:50:03.867+09:00,zae,KeyEvent,122:90:4,w12_2,Editor,/Users/zae/IdeaProject/w12_2/src/Actor.java,,2,8,Default task
2022-11-30T16:50:05.953+09:00,zae,Action,EditorBackSpace,w12_2,Editor,/Users/zae/IdeaProject/w12_2/src/Actor.java,,2,7,Default task
2022-11-30T16:50:05.956+09:00,zae,KeyEvent,8:8:0,w12_2,Editor,/Users/zae/IdeaProject/w12_2/src/Actor.java,,2,6,Default task
2022-11-30T16:50:06.455+09:00,zae,Action,EditorBackSpace,w12_2,Editor,/Users/zae/IdeaProject/w12_2/src/Actor.java,,2,6,Default task
2022-11-30T16:50:06.457+09:00,zae,KeyEvent,8:8:0,w12_2,Editor,/Users/zae/IdeaProject/w12_2/src/Actor.java,,2,5,Default task
2022-11-30T16:50:06.538+09:00,zae,Action,EditorBackSpace,w12_2,Editor,/Users/zae/IdeaProject/w12_2/src/Actor.java,,2,5,Default task
2022-11-30T16:50:06.540+09:00,zae,KeyEvent,8:8:0,w12_2,Editor,/Users/zae/IdeaProject/w12_2/src/Actor.java,,2,4,Default task
2022-11-30T16:50:06.620+09:00,zae,Action,EditorBackSpace,w12_2,Editor,/Users/zae/IdeaProject/w12_2/src/Actor.java,,2,4,Default task
2022-11-30T16:50:06.622+09:00,zae,KeyEvent,8:8:0,w12_2,Editor,/Users/zae/IdeaProject/w12_2/src/Actor.java,,2,3,Default task
2022-11-30T16:50:06.703+09:00,zae,Action,EditorBackSpace,w12_2,Editor,/Users/zae/IdeaProject/w12_2/src/Actor.java,,2,3,Default task
2022-11-30T16:50:06.705+09:00,zae,KeyEvent,8:8:0,w12_2,Editor,/Users/zae/IdeaProject/w12_2/src/Actor.java,,2,2,Default task
2022-11-30T16:50:06.789+09:00,zae,Action,EditorBackSpace,w12_2,Editor,/Users/zae/IdeaProject/w12_2/src/Actor.java,,2,2,Default task
2022-11-30T16:50:06.791+09:00,zae,KeyEvent,8:8:0,w12_2,Editor,/Users/zae/IdeaProject/w12_2/src/Actor.java,,2,1,Default task
2022-11-30T16:50:07.107+09:00,zae,Action,EditorBackSpace,w12_2,Editor,/Users/zae/IdeaProject/w12_2/src/Actor.java,,2,1,Default task
2022-11-30T16:50:07.109+09:00,zae,KeyEvent,8:8:0,w12_2,Editor,/Users/zae/IdeaProject/w12_2/src/Actor.java,,2,0,Default task
2022-11-30T16:50:07.349+09:00,zae,KeyEvent,112:80:0,w12_2,Editor,/Users/zae/IdeaProject/w12_2/src/Actor.java,,2,0,Default task
2022-11-30T16:50:07.613+09:00,zae,KeyEvent,117:85:0,w12_2,Editor,/Users/zae/IdeaProject/w12_2/src/Actor.java,,2,1,Default task
2022-11-30T16:50:07.868+09:00,zae,KeyEvent,98:66:0,w12_2,Editor,/Users/zae/IdeaProject/w12_2/src/Actor.java,,2,2,Default task
2022-11-30T16:50:07.964+09:00,zae,KeyEvent,108:76:0,w12_2,Editor,/Users/zae/IdeaProject/w12_2/src/Actor.java,,2,3,Default task
2022-11-30T16:50:08.203+09:00,zae,Action,EditorChooseLookupItem,w12_2,Editor,/Users/zae/IdeaProject/w12_2/src/Actor.java,,2,4,Default task
2022-11-30T16:50:08.213+09:00,zae,KeyEvent,10:10:0,w12_2,Editor,/Users/zae/IdeaProject/w12_2/src/Actor.java,,2,6,Default task
2022-11-30T16:50:09.008+09:00,zae,Action,EditorRight,w12_2,Editor,/Users/zae/IdeaProject/w12_2/src/Actor.java,,2,6,Default task
2022-11-30T16:50:09.009+09:00,zae,KeyEvent,65535:39:0,w12_2,Editor,/Users/zae/IdeaProject/w12_2/src/Actor.java,,2,7,Default task
2022-11-30T16:50:09.184+09:00,zae,Action,EditorRight,w12_2,Editor,/Users/zae/IdeaProject/w12_2/src/Actor.java,,2,7,Default task
2022-11-30T16:50:09.184+09:00,zae,KeyEvent,65535:39:0,w12_2,Editor,/Users/zae/IdeaProject/w12_2/src/Actor.java,,2,8,Default task
2022-11-30T16:50:09.455+09:00,zae,Action,EditorRight,w12_2,Editor,/Users/zae/IdeaProject/w12_2/src/Actor.java,,2,8,Default task
2022-11-30T16:50:09.456+09:00,zae,KeyEvent,65535:39:0,w12_2,Editor,/Users/zae/IdeaProject/w12_2/src/Actor.java,,2,9,Default task
2022-11-30T16:50:09.566+09:00,zae,Action,EditorRight,w12_2,Editor,/Users/zae/IdeaProject/w12_2/src/Actor.java,,2,9,Default task
2022-11-30T16:50:09.567+09:00,zae,KeyEvent,65535:39:0,w12_2,Editor,/Users/zae/IdeaProject/w12_2/src/Actor.java,,2,10,Default task
2022-11-30T16:50:09.802+09:00,zae,Action,EditorRight,w12_2,Editor,/Users/zae/IdeaProject/w12_2/src/Actor.java,,2,10,Default task
2022-11-30T16:50:09.803+09:00,zae,KeyEvent,65535:39:0,w12_2,Editor,/Users/zae/IdeaProject/w12_2/src/Actor.java,,2,11,Default task
2022-11-30T16:50:09.901+09:00,zae,Action,EditorRight,w12_2,Editor,/Users/zae/IdeaProject/w12_2/src/Actor.java,,2,11,Default task
2022-11-30T16:50:09.902+09:00,zae,KeyEvent,65535:39:0,w12_2,Editor,/Users/zae/IdeaProject/w12_2/src/Actor.java,,2,12,Default task
2022-11-30T16:50:10.014+09:00,zae,Action,EditorRight,w12_2,Editor,/Users/zae/IdeaProject/w12_2/src/Actor.java,,2,12,Default task
2022-11-30T16:50:10.015+09:00,zae,KeyEvent,65535:39:0,w12_2,Editor,/Users/zae/IdeaProject/w12_2/src/Actor.java,,2,13,Default task
2022-11-30T16:50:10.502+09:00,zae,Action,EditorBackSpace,w12_2,Editor,/Users/zae/IdeaProject/w12_2/src/Actor.java,,2,13,Default task
2022-11-30T16:50:10.504+09:00,zae,KeyEvent,8:8:0,w12_2,Editor,/Users/zae/IdeaProject/w12_2/src/Actor.java,,2,12,Default task
2022-11-30T16:50:10.624+09:00,zae,Action,EditorBackSpace,w12_2,Editor,/Users/zae/IdeaProject/w12_2/src/Actor.java,,2,12,Default task
2022-11-30T16:50:10.626+09:00,zae,KeyEvent,8:8:0,w12_2,Editor,/Users/zae/IdeaProject/w12_2/src/Actor.java,,2,11,Default task
2022-11-30T16:50:10.759+09:00,zae,Action,EditorBackSpace,w12_2,Editor,/Users/zae/IdeaProject/w12_2/src/Actor.java,,2,11,Default task
2022-11-30T16:50:10.760+09:00,zae,KeyEvent,8:8:0,w12_2,Editor,/Users/zae/IdeaProject/w12_2/src/Actor.java,,2,10,Default task
2022-11-30T16:50:10.887+09:00,zae,Action,EditorBackSpace,w12_2,Editor,/Users/zae/IdeaProject/w12_2/src/Actor.java,,2,10,Default task
2022-11-30T16:50:10.889+09:00,zae,KeyEvent,8:8:0,w12_2,Editor,/Users/zae/IdeaProject/w12_2/src/Actor.java,,2,9,Default task
2022-11-30T16:50:11.013+09:00,zae,Action,EditorBackSpace,w12_2,Editor,/Users/zae/IdeaProject/w12_2/src/Actor.java,,2,9,Default task
2022-11-30T16:50:11.015+09:00,zae,KeyEvent,8:8:0,w12_2,Editor,/Users/zae/IdeaProject/w12_2/src/Actor.java,,2,8,Default task
2022-11-30T16:50:11.235+09:00,zae,Action,EditorBackSpace,w12_2,Editor,/Users/zae/IdeaProject/w12_2/src/Actor.java,,2,8,Default task
2022-11-30T16:50:11.237+09:00,zae,KeyEvent,8:8:0,w12_2,Editor,/Users/zae/IdeaProject/w12_2/src/Actor.java,,2,7,Default task
2022-11-30T16:50:11.798+09:00,zae,Action,EditorBackSpace,w12_2,Editor,/Users/zae/IdeaProject/w12_2/src/Actor.java,,2,7,Default task
2022-11-30T16:50:11.800+09:00,zae,KeyEvent,8:8:0,w12_2,Editor,/Users/zae/IdeaProject/w12_2/src/Actor.java,,2,6,Default task
2022-11-30T16:50:14.274+09:00,zae,Action,EditorRight,w12_2,Editor,/Users/zae/IdeaProject/w12_2/src/Actor.java,,2,6,Default task
2022-11-30T16:50:14.275+09:00,zae,KeyEvent,65535:39:0,w12_2,Editor,/Users/zae/IdeaProject/w12_2/src/Actor.java,,2,7,Default task
2022-11-30T16:50:14.748+09:00,zae,Action,EditorBackSpace,w12_2,Editor,/Users/zae/IdeaProject/w12_2/src/Actor.java,,2,7,Default task
2022-11-30T16:50:14.750+09:00,zae,KeyEvent,8:8:0,w12_2,Editor,/Users/zae/IdeaProject/w12_2/src/Actor.java,,2,6,Default task
2022-11-30T16:50:14.876+09:00,zae,Action,EditorBackSpace,w12_2,Editor,/Users/zae/IdeaProject/w12_2/src/Actor.java,,2,6,Default task
2022-11-30T16:50:14.878+09:00,zae,KeyEvent,8:8:0,w12_2,Editor,/Users/zae/IdeaProject/w12_2/src/Actor.java,,2,5,Default task
2022-11-30T16:50:15.003+09:00,zae,Action,EditorBackSpace,w12_2,Editor,/Users/zae/IdeaProject/w12_2/src/Actor.java,,2,5,Default task
2022-11-30T16:50:15.004+09:00,zae,KeyEvent,8:8:0,w12_2,Editor,/Users/zae/IdeaProject/w12_2/src/Actor.java,,2,4,Default task
2022-11-30T16:50:15.113+09:00,zae,Action,EditorBackSpace,w12_2,Editor,/Users/zae/IdeaProject/w12_2/src/Actor.java,,2,4,Default task
2022-11-30T16:50:15.115+09:00,zae,KeyEvent,8:8:0,w12_2,Editor,/Users/zae/IdeaProject/w12_2/src/Actor.java,,2,3,Default task
2022-11-30T16:50:15.225+09:00,zae,Action,EditorBackSpace,w12_2,Editor,/Users/zae/IdeaProject/w12_2/src/Actor.java,,2,3,Default task
2022-11-30T16:50:15.227+09:00,zae,KeyEvent,8:8:0,w12_2,Editor,/Users/zae/IdeaProject/w12_2/src/Actor.java,,2,2,Default task
2022-11-30T16:50:15.333+09:00,zae,Action,EditorBackSpace,w12_2,Editor,/Users/zae/IdeaProject/w12_2/src/Actor.java,,2,2,Default task
2022-11-30T16:50:15.335+09:00,zae,KeyEvent,8:8:0,w12_2,Editor,/Users/zae/IdeaProject/w12_2/src/Actor.java,,2,1,Default task
2022-11-30T16:50:15.449+09:00,zae,Action,EditorBackSpace,w12_2,Editor,/Users/zae/IdeaProject/w12_2/src/Actor.java,,2,1,Default task
2022-11-30T16:50:15.451+09:00,zae,KeyEvent,8:8:0,w12_2,Editor,/Users/zae/IdeaProject/w12_2/src/Actor.java,,2,0,Default task
2022-11-30T16:50:18.836+09:00,zae,Action,EditorBackSpace,w12_2,Editor,/Users/zae/IdeaProject/w12_2/src/Actor2.java,,2,0,Default task
2022-11-30T16:50:18.839+09:00,zae,KeyEvent,8:8:0,w12_2,Editor,/Users/zae/IdeaProject/w12_2/src/Actor2.java,,2,0,Default task
2022-11-30T16:50:21.609+09:00,zae,Action,Run,w12_2,Editor,/Users/zae/IdeaProject/w12_2/src/SynchronizedTest.java,,2,13,Default task
2022-11-30T16:50:31.326+09:00,zae,Action,Run,w12_2,Editor,/Users/zae/IdeaProject/w12_2/src/SynchronizedTest.java,,2,13,Default task
2022-11-30T16:50:34.004+09:00,zae,Action,Run,w12_2,Editor,/Users/zae/IdeaProject/w12_2/src/SynchronizedTest.java,,2,13,Default task
2022-11-30T16:50:35.559+09:00,zae,Action,Run,w12_2,Editor,/Users/zae/IdeaProject/w12_2/src/SynchronizedTest.java,,2,13,Default task
2022-11-30T16:50:36.714+09:00,zae,Action,Run,w12_2,Editor,/Users/zae/IdeaProject/w12_2/src/SynchronizedTest.java,,2,13,Default task
2022-11-30T16:50:38.110+09:00,zae,Action,Run,w12_2,Editor,/Users/zae/IdeaProject/w12_2/src/SynchronizedTest.java,,2,13,Default task
2022-11-30T16:51:16.764+09:00,zae,Action,EditorLeft,w12_2,Editor,/Users/zae/IdeaProject/w12_2/src/Actor2.java,,2,6,Default task
2022-11-30T16:51:16.765+09:00,zae,KeyEvent,65535:37:0,w12_2,Editor,/Users/zae/IdeaProject/w12_2/src/Actor2.java,,2,5,Default task
2022-11-30T16:51:17.265+09:00,zae,Action,EditorLeft,w12_2,Editor,/Users/zae/IdeaProject/w12_2/src/Actor2.java,,2,5,Default task
2022-11-30T16:51:17.266+09:00,zae,KeyEvent,65535:37:0,w12_2,Editor,/Users/zae/IdeaProject/w12_2/src/Actor2.java,,2,4,Default task
2022-11-30T16:51:17.349+09:00,zae,Action,EditorLeft,w12_2,Editor,/Users/zae/IdeaProject/w12_2/src/Actor2.java,,2,4,Default task
2022-11-30T16:51:17.350+09:00,zae,KeyEvent,65535:37:0,w12_2,Editor,/Users/zae/IdeaProject/w12_2/src/Actor2.java,,2,3,Default task
2022-11-30T16:51:17.434+09:00,zae,Action,EditorLeft,w12_2,Editor,/Users/zae/IdeaProject/w12_2/src/Actor2.java,,2,3,Default task
2022-11-30T16:51:17.434+09:00,zae,KeyEvent,65535:37:0,w12_2,Editor,/Users/zae/IdeaProject/w12_2/src/Actor2.java,,2,2,Default task
2022-11-30T16:51:17.517+09:00,zae,Action,EditorLeft,w12_2,Editor,/Users/zae/IdeaProject/w12_2/src/Actor2.java,,2,2,Default task
2022-11-30T16:51:17.518+09:00,zae,KeyEvent,65535:37:0,w12_2,Editor,/Users/zae/IdeaProject/w12_2/src/Actor2.java,,2,1,Default task
2022-11-30T16:51:17.914+09:00,zae,KeyEvent,115:83:0,w12_2,Editor,/Users/zae/IdeaProject/w12_2/src/Actor2.java,,2,1,Default task
2022-11-30T16:51:18.316+09:00,zae,Action,EditorBackSpace,w12_2,Editor,/Users/zae/IdeaProject/w12_2/src/Actor2.java,,2,2,Default task
2022-11-30T16:51:18.317+09:00,zae,KeyEvent,8:8:0,w12_2,Editor,/Users/zae/IdeaProject/w12_2/src/Actor2.java,,2,1,Default task
2022-11-30T16:51:18.460+09:00,zae,Action,EditorLeft,w12_2,Editor,/Users/zae/IdeaProject/w12_2/src/Actor2.java,,2,1,Default task
2022-11-30T16:51:18.461+09:00,zae,KeyEvent,65535:37:0,w12_2,Editor,/Users/zae/IdeaProject/w12_2/src/Actor2.java,,2,0,Default task
2022-11-30T16:51:18.617+09:00,zae,KeyEvent,115:83:0,w12_2,Editor,/Users/zae/IdeaProject/w12_2/src/Actor2.java,,2,0,Default task
2022-11-30T16:51:19.551+09:00,zae,KeyEvent,121:89:0,w12_2,Editor,/Users/zae/IdeaProject/w12_2/src/Actor2.java,,2,1,Default task
2022-11-30T16:51:20.161+09:00,zae,Action,EditorBackSpace,w12_2,Editor,/Users/zae/IdeaProject/w12_2/src/Actor2.java,,2,2,Default task
2022-11-30T16:51:20.162+09:00,zae,KeyEvent,8:8:0,w12_2,Editor,/Users/zae/IdeaProject/w12_2/src/Actor2.java,,2,1,Default task
2022-11-30T16:51:20.296+09:00,zae,Action,EditorBackSpace,w12_2,Editor,/Users/zae/IdeaProject/w12_2/src/Actor2.java,,2,1,Default task
2022-11-30T16:51:20.297+09:00,zae,KeyEvent,8:8:0,w12_2,Editor,/Users/zae/IdeaProject/w12_2/src/Actor2.java,,2,0,Default task
2022-11-30T16:51:30.492+09:00,zae,KeyEvent,115:83:0,w12_2,Editor,/Users/zae/IdeaProject/w12_2/src/Actor2.java,Actor2::Actor2,6,11,Default task
2022-11-30T16:51:31.261+09:00,zae,Action,EditorChooseLookupItem,w12_2,Editor,/Users/zae/IdeaProject/w12_2/src/Actor2.java,Actor2::sActor2,6,12,Default task
2022-11-30T16:51:31.272+09:00,zae,KeyEvent,10:10:0,w12_2,Editor,/Users/zae/IdeaProject/w12_2/src/Actor2.java,Actor2::synchronizedActor2,6,24,Default task
2022-11-30T16:51:35.947+09:00,zae,KeyEvent,65535:16:1,w12_2,Editor,/Users/zae/IdeaProject/w12_2/src/Actor2.java,Actor2::Actor2,6,24,Default task
2022-11-30T16:51:36.818+09:00,zae,Action,EditorBackSpace,w12_2,Editor,/Users/zae/IdeaProject/w12_2/src/Actor2.java,Actor2::Actor2,6,11,Default task
2022-11-30T16:51:36.821+09:00,zae,KeyEvent,8:8:0,w12_2,Editor,/Users/zae/IdeaProject/w12_2/src/Actor2.java,Actor2::Actor2,6,11,Default task
2022-11-30T16:52:24.171+09:00,zae,KeyEvent,115:83:0,w12_2,Editor,/Users/zae/IdeaProject/w12_2/src/Actor2.java,Actor2::run,11,11,Default task
2022-11-30T16:52:24.447+09:00,zae,KeyEvent,116:84:0,w12_2,Editor,/Users/zae/IdeaProject/w12_2/src/Actor2.java,,11,12,Default task
2022-11-30T16:52:24.927+09:00,zae,Action,EditorChooseLookupItem,w12_2,Editor,/Users/zae/IdeaProject/w12_2/src/Actor2.java,,11,13,Default task
2022-11-30T16:52:24.937+09:00,zae,KeyEvent,10:10:0,w12_2,Editor,/Users/zae/IdeaProject/w12_2/src/Actor2.java,,11,18,Default task
2022-11-30T16:52:31.312+09:00,zae,Action,EditorBackSpace,w12_2,Editor,/Users/zae/IdeaProject/w12_2/src/Actor2.java,Actor2::run,11,18,Default task
2022-11-30T16:52:31.314+09:00,zae,KeyEvent,8:8:0,w12_2,Editor,/Users/zae/IdeaProject/w12_2/src/Actor2.java,Actor2::run,11,17,Default task
2022-11-30T16:52:31.478+09:00,zae,Action,EditorBackSpace,w12_2,Editor,/Users/zae/IdeaProject/w12_2/src/Actor2.java,,11,17,Default task
2022-11-30T16:52:31.480+09:00,zae,KeyEvent,8:8:0,w12_2,Editor,/Users/zae/IdeaProject/w12_2/src/Actor2.java,,11,16,Default task
2022-11-30T16:52:31.628+09:00,zae,Action,EditorBackSpace,w12_2,Editor,/Users/zae/IdeaProject/w12_2/src/Actor2.java,,11,16,Default task
2022-11-30T16:52:31.630+09:00,zae,KeyEvent,8:8:0,w12_2,Editor,/Users/zae/IdeaProject/w12_2/src/Actor2.java,,11,15,Default task
2022-11-30T16:52:31.771+09:00,zae,Action,EditorBackSpace,w12_2,Editor,/Users/zae/IdeaProject/w12_2/src/Actor2.java,,11,15,Default task
2022-11-30T16:52:31.773+09:00,zae,KeyEvent,8:8:0,w12_2,Editor,/Users/zae/IdeaProject/w12_2/src/Actor2.java,,11,14,Default task
2022-11-30T16:52:31.922+09:00,zae,Action,EditorBackSpace,w12_2,Editor,/Users/zae/IdeaProject/w12_2/src/Actor2.java,,11,14,Default task
2022-11-30T16:52:31.924+09:00,zae,KeyEvent,8:8:0,w12_2,Editor,/Users/zae/IdeaProject/w12_2/src/Actor2.java,,11,13,Default task
2022-11-30T16:52:32.031+09:00,zae,Action,EditorBackSpace,w12_2,Editor,/Users/zae/IdeaProject/w12_2/src/Actor2.java,,11,13,Default task
2022-11-30T16:52:32.033+09:00,zae,KeyEvent,8:8:0,w12_2,Editor,/Users/zae/IdeaProject/w12_2/src/Actor2.java,,11,12,Default task
2022-11-30T16:52:32.589+09:00,zae,Action,EditorBackSpace,w12_2,Editor,/Users/zae/IdeaProject/w12_2/src/Actor2.java,,11,12,Default task
2022-11-30T16:52:32.591+09:00,zae,KeyEvent,8:8:0,w12_2,Editor,/Users/zae/IdeaProject/w12_2/src/Actor2.java,,11,11,Default task
2022-11-30T16:53:50.168+09:00,zae,Action,EditorLeft,w12_2,Editor,/Users/zae/IdeaProject/w12_2/src/Actor2.java,Actor2::run,11,24,Default task
2022-11-30T16:53:50.169+09:00,zae,KeyEvent,65535:37:0,w12_2,Editor,/Users/zae/IdeaProject/w12_2/src/Actor2.java,Actor2::run,11,23,Default task
2022-11-30T16:53:51.946+09:00,zae,KeyEvent,65535:16:1,w12_2,Editor,/Users/zae/IdeaProject/w12_2/src/Actor2.java,Actor2::run,11,23,Default task
2022-11-30T16:53:52.899+09:00,zae,Action,EditorBackSpace,w12_2,Editor,/Users/zae/IdeaProject/w12_2/src/Actor2.java,Actor2::run,11,11,Default task
2022-11-30T16:53:52.901+09:00,zae,KeyEvent,8:8:1,w12_2,Editor,/Users/zae/IdeaProject/w12_2/src/Actor2.java,Actor2::run,11,11,Default task
2022-11-30T16:53:53.756+09:00,zae,Action,EditorEnter,w12_2,Editor,/Users/zae/IdeaProject/w12_2/src/Actor2.java,Actor2::run,11,24,Default task
2022-11-30T16:53:53.760+09:00,zae,KeyEvent,10:10:0,w12_2,Editor,/Users/zae/IdeaProject/w12_2/src/Actor2.java,Actor2::run,12,8,Default task
2022-11-30T16:53:54.758+09:00,zae,KeyEvent,115:83:0,w12_2,Editor,/Users/zae/IdeaProject/w12_2/src/Actor2.java,Actor2::run,12,8,Default task
2022-11-30T16:53:54.862+09:00,zae,KeyEvent,121:89:0,w12_2,Editor,/Users/zae/IdeaProject/w12_2/src/Actor2.java,Actor2::run,12,9,Default task
2022-11-30T16:53:55.286+09:00,zae,Action,EditorChooseLookupItem,w12_2,Editor,/Users/zae/IdeaProject/w12_2/src/Actor2.java,Actor2::run,12,10,Default task
2022-11-30T16:53:55.300+09:00,zae,KeyEvent,10:10:0,w12_2,Editor,/Users/zae/IdeaProject/w12_2/src/Actor2.java,Actor2::run,12,22,Default task
2022-11-30T16:53:58.005+09:00,zae,KeyEvent,65535:16:1,w12_2,Editor,/Users/zae/IdeaProject/w12_2/src/Actor2.java,Actor2::run,12,22,Default task
2022-11-30T16:53:58.168+09:00,zae,KeyEvent,65:65:1,w12_2,Editor,/Users/zae/IdeaProject/w12_2/src/Actor2.java,Actor2::run,12,22,Default task
2022-11-30T16:53:58.762+09:00,zae,KeyEvent,99:67:0,w12_2,Editor,/Users/zae/IdeaProject/w12_2/src/Actor2.java,Actor2::run,12,23,Default task
2022-11-30T16:53:59.891+09:00,zae,Action,EditorDown,w12_2,Editor,/Users/zae/IdeaProject/w12_2/src/Actor2.java,Actor2::run,12,24,Default task
2022-11-30T16:53:59.893+09:00,zae,KeyEvent,65535:40:0,w12_2,Editor,/Users/zae/IdeaProject/w12_2/src/Actor2.java,Actor2::run,12,24,Default task
2022-11-30T16:54:00.185+09:00,zae,Action,EditorChooseLookupItem,w12_2,Editor,/Users/zae/IdeaProject/w12_2/src/Actor2.java,Actor2::run,12,24,Default task
2022-11-30T16:54:00.197+09:00,zae,KeyEvent,10:10:0,w12_2,Editor,/Users/zae/IdeaProject/w12_2/src/Actor2.java,Actor2::run,12,28,Default task
2022-11-30T16:54:00.614+09:00,zae,KeyEvent,46:46:0,w12_2,Editor,/Users/zae/IdeaProject/w12_2/src/Actor2.java,Actor2::run,12,28,Default task
2022-11-30T16:54:01.145+09:00,zae,KeyEvent,99:67:0,w12_2,Editor,/Users/zae/IdeaProject/w12_2/src/Actor2.java,Actor2::run,12,29,Default task
2022-11-30T16:54:01.371+09:00,zae,Action,EditorChooseLookupItem,w12_2,Editor,/Users/zae/IdeaProject/w12_2/src/Actor2.java,Actor2::run,12,30,Default task
2022-11-30T16:54:01.381+09:00,zae,KeyEvent,10:10:0,w12_2,Editor,/Users/zae/IdeaProject/w12_2/src/Actor2.java,Actor2::run,12,34,Default task
2022-11-30T16:54:02.220+09:00,zae,Action,EditorRight,w12_2,Editor,/Users/zae/IdeaProject/w12_2/src/Actor2.java,Actor2::run,12,34,Default task
2022-11-30T16:54:02.221+09:00,zae,KeyEvent,65535:39:0,w12_2,Editor,/Users/zae/IdeaProject/w12_2/src/Actor2.java,Actor2::run,12,35,Default task
2022-11-30T16:54:03.021+09:00,zae,KeyEvent,65535:16:1,w12_2,Editor,/Users/zae/IdeaProject/w12_2/src/Actor2.java,Actor2::run,12,35,Default task
2022-11-30T16:54:03.152+09:00,zae,KeyEvent,123:91:1,w12_2,Editor,/Users/zae/IdeaProject/w12_2/src/Actor2.java,Actor2::run,12,35,Default task
2022-11-30T16:54:04.632+09:00,zae,Action,EditorEnter,w12_2,Editor,/Users/zae/IdeaProject/w12_2/src/Actor2.java,Actor2::run,16,5,Default task
2022-11-30T16:54:04.635+09:00,zae,KeyEvent,10:10:0,w12_2,Editor,/Users/zae/IdeaProject/w12_2/src/Actor2.java,,17,4,Default task
2022-11-30T16:54:04.870+09:00,zae,KeyEvent,65535:16:1,w12_2,Editor,/Users/zae/IdeaProject/w12_2/src/Actor2.java,Actor2::run,17,4,Default task
2022-11-30T16:54:05.303+09:00,zae,KeyEvent,125:93:1,w12_2,Editor,/Users/zae/IdeaProject/w12_2/src/Actor2.java,Actor2::run,17,4,Default task
2022-11-30T16:54:15.891+09:00,zae,KeyEvent,65535:157:4,w12_2,Editor,/Users/zae/IdeaProject/w12_2/src/Actor2.java,Actor2::run,11,0,Default task
2022-11-30T16:54:16.132+09:00,zae,Action,EditorCopy,w12_2,Editor,/Users/zae/IdeaProject/w12_2/src/Actor2.java,Actor2::run,11,0,Default task
2022-11-30T16:54:16.143+09:00,zae,KeyEvent,99:67:4,w12_2,Editor,/Users/zae/IdeaProject/w12_2/src/Actor2.java,Actor2::run,11,0,Default task
2022-11-30T16:54:18.708+09:00,zae,KeyEvent,65535:157:4,w12_2,Editor,/Users/zae/IdeaProject/w12_2/src/Actor.java,Actor::run,11,0,Default task
2022-11-30T16:54:18.828+09:00,zae,Action,EditorPaste,w12_2,Editor,/Users/zae/IdeaProject/w12_2/src/Actor.java,Actor::run,11,0,Default task
2022-11-30T16:54:18.840+09:00,zae,KeyEvent,118:86:4,w12_2,Editor,/Users/zae/IdeaProject/w12_2/src/Actor.java,,17,5,Default task
2022-11-30T16:54:20.964+09:00,zae,Action,EditorRight,w12_2,Editor,/Users/zae/IdeaProject/w12_2/src/Actor.java,Actor::run,12,27,Default task
2022-11-30T16:54:20.965+09:00,zae,KeyEvent,65535:39:0,w12_2,Editor,/Users/zae/IdeaProject/w12_2/src/Actor.java,Actor::run,12,28,Default task
2022-11-30T16:54:21.290+09:00,zae,Action,EditorBackSpace,w12_2,Editor,/Users/zae/IdeaProject/w12_2/src/Actor.java,Actor::run,12,28,Default task
2022-11-30T16:54:21.292+09:00,zae,KeyEvent,8:8:0,w12_2,Editor,/Users/zae/IdeaProject/w12_2/src/Actor.java,Actor::run,12,27,Default task
2022-11-30T16:54:23.665+09:00,zae,Action,EditorRight,w12_2,Editor,/Users/zae/IdeaProject/w12_2/src/Actor.java,Actor::run,14,25,Default task
2022-11-30T16:54:23.666+09:00,zae,KeyEvent,65535:39:0,w12_2,Editor,/Users/zae/IdeaProject/w12_2/src/Actor.java,Actor::run,14,26,Default task
2022-11-30T16:54:24.045+09:00,zae,Action,EditorBackSpace,w12_2,Editor,/Users/zae/IdeaProject/w12_2/src/Actor.java,Actor::run,14,26,Default task
2022-11-30T16:54:24.046+09:00,zae,KeyEvent,8:8:0,w12_2,Editor,/Users/zae/IdeaProject/w12_2/src/Actor.java,Actor::run,14,25,Default task
2022-11-30T16:54:24.155+09:00,zae,Action,EditorBackSpace,w12_2,Editor,/Users/zae/IdeaProject/w12_2/src/Actor.java,Actor::run,14,25,Default task
2022-11-30T16:54:24.156+09:00,zae,KeyEvent,8:8:0,w12_2,Editor,/Users/zae/IdeaProject/w12_2/src/Actor.java,Actor::run,14,24,Default task
2022-11-30T16:54:24.376+09:00,zae,KeyEvent,105:73:0,w12_2,Editor,/Users/zae/IdeaProject/w12_2/src/Actor.java,Actor::run,14,24,Default task
2022-11-30T16:54:24.463+09:00,zae,KeyEvent,110:78:0,w12_2,Editor,/Users/zae/IdeaProject/w12_2/src/Actor.java,Actor::run,14,25,Default task
2022-11-30T16:54:25.080+09:00,zae,Action,EditorChooseLookupItem,w12_2,Editor,/Users/zae/IdeaProject/w12_2/src/Actor.java,Actor::run,14,26,Default task
2022-11-30T16:54:25.095+09:00,zae,KeyEvent,10:10:0,w12_2,Editor,/Users/zae/IdeaProject/w12_2/src/Actor.java,Actor::run,14,36,Default task
2022-11-30T16:54:25.773+09:00,zae,KeyEvent,65535:16:1,w12_2,Editor,/Users/zae/IdeaProject/w12_2/src/Actor.java,Actor::run,14,36,Default task
2022-11-30T16:54:25.850+09:00,zae,Action,EditorRightWithSelection,w12_2,Editor,/Users/zae/IdeaProject/w12_2/src/Actor.java,Actor::run,14,36,Default task
2022-11-30T16:54:25.851+09:00,zae,KeyEvent,65535:39:1,w12_2,Editor,/Users/zae/IdeaProject/w12_2/src/Actor.java,Actor::run,14,37,Default task
2022-11-30T16:54:26.351+09:00,zae,Action,EditorRightWithSelection,w12_2,Editor,/Users/zae/IdeaProject/w12_2/src/Actor.java,Actor::run,14,37,Default task
2022-11-30T16:54:26.352+09:00,zae,KeyEvent,65535:39:1,w12_2,Editor,/Users/zae/IdeaProject/w12_2/src/Actor.java,Actor::run,14,38,Default task
2022-11-30T16:54:26.435+09:00,zae,Action,EditorRightWithSelection,w12_2,Editor,/Users/zae/IdeaProject/w12_2/src/Actor.java,Actor::run,14,38,Default task
2022-11-30T16:54:26.436+09:00,zae,KeyEvent,65535:39:1,w12_2,Editor,/Users/zae/IdeaProject/w12_2/src/Actor.java,Actor::run,14,39,Default task
2022-11-30T16:54:26.519+09:00,zae,Action,EditorRightWithSelection,w12_2,Editor,/Users/zae/IdeaProject/w12_2/src/Actor.java,Actor::run,14,39,Default task
2022-11-30T16:54:26.520+09:00,zae,KeyEvent,65535:39:1,w12_2,Editor,/Users/zae/IdeaProject/w12_2/src/Actor.java,Actor::run,14,40,Default task
2022-11-30T16:54:26.604+09:00,zae,Action,EditorRightWithSelection,w12_2,Editor,/Users/zae/IdeaProject/w12_2/src/Actor.java,Actor::run,14,40,Default task
2022-11-30T16:54:26.605+09:00,zae,KeyEvent,65535:39:1,w12_2,Editor,/Users/zae/IdeaProject/w12_2/src/Actor.java,Actor::run,14,41,Default task
2022-11-30T16:54:26.688+09:00,zae,Action,EditorRightWithSelection,w12_2,Editor,/Users/zae/IdeaProject/w12_2/src/Actor.java,Actor::run,14,41,Default task
2022-11-30T16:54:26.689+09:00,zae,KeyEvent,65535:39:1,w12_2,Editor,/Users/zae/IdeaProject/w12_2/src/Actor.java,Actor::run,14,42,Default task
2022-11-30T16:54:26.772+09:00,zae,Action,EditorRightWithSelection,w12_2,Editor,/Users/zae/IdeaProject/w12_2/src/Actor.java,Actor::run,14,42,Default task
2022-11-30T16:54:26.773+09:00,zae,KeyEvent,65535:39:1,w12_2,Editor,/Users/zae/IdeaProject/w12_2/src/Actor.java,Actor::run,14,43,Default task
2022-11-30T16:54:26.856+09:00,zae,Action,EditorRightWithSelection,w12_2,Editor,/Users/zae/IdeaProject/w12_2/src/Actor.java,Actor::run,14,43,Default task
2022-11-30T16:54:26.857+09:00,zae,KeyEvent,65535:39:1,w12_2,Editor,/Users/zae/IdeaProject/w12_2/src/Actor.java,Actor::run,14,44,Default task
2022-11-30T16:54:26.940+09:00,zae,Action,EditorRightWithSelection,w12_2,Editor,/Users/zae/IdeaProject/w12_2/src/Actor.java,Actor::run,14,44,Default task
2022-11-30T16:54:26.941+09:00,zae,KeyEvent,65535:39:1,w12_2,Editor,/Users/zae/IdeaProject/w12_2/src/Actor.java,Actor::run,14,45,Default task
2022-11-30T16:54:27.024+09:00,zae,Action,EditorRightWithSelection,w12_2,Editor,/Users/zae/IdeaProject/w12_2/src/Actor.java,Actor::run,14,45,Default task
2022-11-30T16:54:27.026+09:00,zae,KeyEvent,65535:39:1,w12_2,Editor,/Users/zae/IdeaProject/w12_2/src/Actor.java,Actor::run,14,46,Default task
2022-11-30T16:54:27.477+09:00,zae,Action,EditorBackSpace,w12_2,Editor,/Users/zae/IdeaProject/w12_2/src/Actor.java,Actor::run,14,46,Default task
2022-11-30T16:54:27.480+09:00,zae,KeyEvent,8:8:0,w12_2,Editor,/Users/zae/IdeaProject/w12_2/src/Actor.java,Actor::run,14,36,Default task
2022-11-30T16:54:30.057+09:00,zae,Action,Run,w12_2,Editor,/Users/zae/IdeaProject/w12_2/src/SynchronizedTest.java,,2,13,Default task
2022-11-30T16:54:32.044+09:00,zae,Action,Run,w12_2,Editor,/Users/zae/IdeaProject/w12_2/src/SynchronizedTest.java,,2,13,Default task
2022-11-30T16:54:37.860+09:00,zae,Action,EditorEnter,w12_2,Editor,/Users/zae/IdeaProject/w12_2/src/Actor2.java,Actor2::run,12,37,Default task
2022-11-30T16:54:37.863+09:00,zae,KeyEvent,10:10:0,w12_2,Editor,/Users/zae/IdeaProject/w12_2/src/Actor2.java,Actor2::run,13,12,Default task
2022-11-30T16:54:38.530+09:00,zae,KeyEvent,115:83:0,w12_2,Editor,/Users/zae/IdeaProject/w12_2/src/Actor2.java,Actor2::run,13,12,Default task
2022-11-30T16:54:39.041+09:00,zae,Action,EditorChooseLookupItem,w12_2,Editor,/Users/zae/IdeaProject/w12_2/src/Actor2.java,Actor2::run,13,13,Default task
2022-11-30T16:54:39.062+09:00,zae,KeyEvent,10:10:0,w12_2,Editor,/Users/zae/IdeaProject/w12_2/src/Actor2.java,Actor2::run,13,31,Default task
2022-11-30T16:54:40.861+09:00,zae,KeyEvent,46:46:0,w12_2,Editor,/Users/zae/IdeaProject/w12_2/src/Actor2.java,Actor2::run,13,31,Default task
2022-11-30T16:54:41.297+09:00,zae,Action,EditorBackSpace,w12_2,Editor,/Users/zae/IdeaProject/w12_2/src/Actor2.java,Actor2::run,13,32,Default task
2022-11-30T16:54:41.299+09:00,zae,KeyEvent,8:8:0,w12_2,Editor,/Users/zae/IdeaProject/w12_2/src/Actor2.java,Actor2::run,13,31,Default task
2022-11-30T16:54:42.113+09:00,zae,KeyEvent,65535:16:1,w12_2,Editor,/Users/zae/IdeaProject/w12_2/src/Actor2.java,Actor2::run,13,31,Default task
2022-11-30T16:54:42.313+09:00,zae,KeyEvent,34:152:1,w12_2,Editor,/Users/zae/IdeaProject/w12_2/src/Actor2.java,Actor2::run,13,31,Default task
2022-11-30T16:54:43.050+09:00,zae,KeyEvent,111:79:0,w12_2,Editor,/Users/zae/IdeaProject/w12_2/src/Actor2.java,Actor2::run,13,32,Default task
2022-11-30T16:54:43.684+09:00,zae,Action,EditorBackSpace,w12_2,Editor,/Users/zae/IdeaProject/w12_2/src/Actor2.java,Actor2::run,13,33,Default task
2022-11-30T16:54:43.686+09:00,zae,KeyEvent,8:8:0,w12_2,Editor,/Users/zae/IdeaProject/w12_2/src/Actor2.java,Actor2::run,13,32,Default task
2022-11-30T16:54:44.096+09:00,zae,KeyEvent,115:83:0,w12_2,Editor,/Users/zae/IdeaProject/w12_2/src/Actor2.java,Actor2::run,13,32,Default task
2022-11-30T16:54:44.294+09:00,zae,KeyEvent,116:84:0,w12_2,Editor,/Users/zae/IdeaProject/w12_2/src/Actor2.java,Actor2::run,13,33,Default task
2022-11-30T16:54:44.426+09:00,zae,KeyEvent,97:65:0,w12_2,Editor,/Users/zae/IdeaProject/w12_2/src/Actor2.java,Actor2::run,13,34,Default task
2022-11-30T16:54:44.561+09:00,zae,KeyEvent,114:82:0,w12_2,Editor,/Users/zae/IdeaProject/w12_2/src/Actor2.java,Actor2::run,13,35,Default task
2022-11-30T16:54:44.759+09:00,zae,KeyEvent,116:84:0,w12_2,Editor,/Users/zae/IdeaProject/w12_2/src/Actor2.java,Actor2::run,13,36,Default task
2022-11-30T16:54:45.496+09:00,zae,Action,EditorRight,w12_2,Editor,/Users/zae/IdeaProject/w12_2/src/Actor2.java,Actor2::run,13,37,Default task
2022-11-30T16:54:45.497+09:00,zae,KeyEvent,65535:39:0,w12_2,Editor,/Users/zae/IdeaProject/w12_2/src/Actor2.java,Actor2::run,13,38,Default task
2022-11-30T16:54:45.848+09:00,zae,Action,EditorDown,w12_2,Editor,/Users/zae/IdeaProject/w12_2/src/Actor2.java,Actor2::run,13,38,Default task
2022-11-30T16:54:45.849+09:00,zae,KeyEvent,65535:40:0,w12_2,Editor,/Users/zae/IdeaProject/w12_2/src/Actor2.java,Actor2::run,14,38,Default task
2022-11-30T16:54:47.698+09:00,zae,KeyEvent,65535:157:4,w12_2,Editor,/Users/zae/IdeaProject/w12_2/src/Actor2.java,Actor2::run,13,12,Default task
2022-11-30T16:54:47.877+09:00,zae,Action,EditorCopy,w12_2,Editor,/Users/zae/IdeaProject/w12_2/src/Actor2.java,Actor2::run,13,12,Default task
2022-11-30T16:54:47.885+09:00,zae,KeyEvent,99:67:4,w12_2,Editor,/Users/zae/IdeaProject/w12_2/src/Actor2.java,Actor2::run,13,12,Default task
2022-11-30T16:54:48.636+09:00,zae,Action,EditorEnter,w12_2,Editor,/Users/zae/IdeaProject/w12_2/src/Actor2.java,Actor2::run,16,13,Default task
2022-11-30T16:54:48.639+09:00,zae,KeyEvent,10:10:0,w12_2,Editor,/Users/zae/IdeaProject/w12_2/src/Actor2.java,Actor2::run,17,12,Default task
2022-11-30T16:54:49.262+09:00,zae,Action,EditorBackSpace,w12_2,Editor,/Users/zae/IdeaProject/w12_2/src/Actor2.java,Actor2::run,17,12,Default task
2022-11-30T16:54:49.266+09:00,zae,KeyEvent,8:8:0,w12_2,Editor,/Users/zae/IdeaProject/w12_2/src/Actor2.java,Actor2::run,16,13,Default task
2022-11-30T16:54:50.906+09:00,zae,Action,EditorEnter,w12_2,Editor,/Users/zae/IdeaProject/w12_2/src/Actor2.java,Actor2::run,16,13,Default task
2022-11-30T16:54:50.909+09:00,zae,KeyEvent,10:10:0,w12_2,Editor,/Users/zae/IdeaProject/w12_2/src/Actor2.java,Actor2::run,17,12,Default task
2022-11-30T16:54:51.048+09:00,zae,KeyEvent,65535:157:4,w12_2,Editor,/Users/zae/IdeaProject/w12_2/src/Actor2.java,Actor2::run,17,12,Default task
2022-11-30T16:54:51.154+09:00,zae,Action,EditorPaste,w12_2,Editor,/Users/zae/IdeaProject/w12_2/src/Actor2.java,Actor2::run,17,12,Default task
2022-11-30T16:54:51.162+09:00,zae,KeyEvent,118:86:4,w12_2,Editor,/Users/zae/IdeaProject/w12_2/src/Actor2.java,Actor2::run,17,40,Default task
2022-11-30T16:54:53.000+09:00,zae,Action,EditorLeft,w12_2,Editor,/Users/zae/IdeaProject/w12_2/src/Actor2.java,Actor2::run,17,38,Default task
2022-11-30T16:54:53.001+09:00,zae,KeyEvent,65535:37:0,w12_2,Editor,/Users/zae/IdeaProject/w12_2/src/Actor2.java,Actor2::run,17,37,Default task
2022-11-30T16:54:53.307+09:00,zae,Action,EditorBackSpace,w12_2,Editor,/Users/zae/IdeaProject/w12_2/src/Actor2.java,Actor2::run,17,37,Default task
2022-11-30T16:54:53.309+09:00,zae,KeyEvent,8:8:0,w12_2,Editor,/Users/zae/IdeaProject/w12_2/src/Actor2.java,Actor2::run,17,36,Default task
2022-11-30T16:54:53.461+09:00,zae,Action,EditorBackSpace,w12_2,Editor,/Users/zae/IdeaProject/w12_2/src/Actor2.java,Actor2::run,17,36,Default task
2022-11-30T16:54:53.463+09:00,zae,KeyEvent,8:8:0,w12_2,Editor,/Users/zae/IdeaProject/w12_2/src/Actor2.java,Actor2::run,17,35,Default task
2022-11-30T16:54:53.623+09:00,zae,Action,EditorBackSpace,w12_2,Editor,/Users/zae/IdeaProject/w12_2/src/Actor2.java,Actor2::run,17,35,Default task
2022-11-30T16:54:53.625+09:00,zae,KeyEvent,8:8:0,w12_2,Editor,/Users/zae/IdeaProject/w12_2/src/Actor2.java,Actor2::run,17,34,Default task
2022-11-30T16:54:53.779+09:00,zae,Action,EditorBackSpace,w12_2,Editor,/Users/zae/IdeaProject/w12_2/src/Actor2.java,Actor2::run,17,34,Default task
2022-11-30T16:54:53.780+09:00,zae,KeyEvent,8:8:0,w12_2,Editor,/Users/zae/IdeaProject/w12_2/src/Actor2.java,Actor2::run,17,33,Default task
2022-11-30T16:54:54.128+09:00,zae,Action,EditorBackSpace,w12_2,Editor,/Users/zae/IdeaProject/w12_2/src/Actor2.java,Actor2::run,17,33,Default task
2022-11-30T16:54:54.130+09:00,zae,KeyEvent,8:8:0,w12_2,Editor,/Users/zae/IdeaProject/w12_2/src/Actor2.java,Actor2::run,17,32,Default task
2022-11-30T16:54:54.263+09:00,zae,KeyEvent,101:69:0,w12_2,Editor,/Users/zae/IdeaProject/w12_2/src/Actor2.java,Actor2::run,17,32,Default task
2022-11-30T16:54:54.370+09:00,zae,KeyEvent,110:78:0,w12_2,Editor,/Users/zae/IdeaProject/w12_2/src/Actor2.java,Actor2::run,17,33,Default task
2022-11-30T16:54:54.571+09:00,zae,KeyEvent,100:68:0,w12_2,Editor,/Users/zae/IdeaProject/w12_2/src/Actor2.java,Actor2::run,17,34,Default task
2022-11-30T16:55:00.412+09:00,zae,Action,EditorEnter,w12_2,Editor,/Users/zae/IdeaProject/w12_2/src/Actor.java,Actor::run,12,36,Default task
2022-11-30T16:55:00.416+09:00,zae,KeyEvent,10:10:0,w12_2,Editor,/Users/zae/IdeaProject/w12_2/src/Actor.java,Actor::run,13,12,Default task
2022-11-30T16:55:00.543+09:00,zae,KeyEvent,65535:157:4,w12_2,Editor,/Users/zae/IdeaProject/w12_2/src/Actor.java,Actor::run,13,12,Default task
2022-11-30T16:55:00.691+09:00,zae,Action,EditorPaste,w12_2,Editor,/Users/zae/IdeaProject/w12_2/src/Actor.java,Actor::run,13,12,Default task
2022-11-30T16:55:00.698+09:00,zae,KeyEvent,118:86:4,w12_2,Editor,/Users/zae/IdeaProject/w12_2/src/Actor.java,Actor::run,13,40,Default task
2022-11-30T16:55:01.670+09:00,zae,Action,EditorEnter,w12_2,Editor,/Users/zae/IdeaProject/w12_2/src/Actor.java,Actor::run,16,13,Default task
2022-11-30T16:55:01.673+09:00,zae,KeyEvent,10:10:0,w12_2,Editor,/Users/zae/IdeaProject/w12_2/src/Actor.java,Actor::run,17,12,Default task
2022-11-30T16:55:01.797+09:00,zae,KeyEvent,65535:157:4,w12_2,Editor,/Users/zae/IdeaProject/w12_2/src/Actor.java,Actor::run,17,12,Default task
2022-11-30T16:55:01.955+09:00,zae,Action,EditorPaste,w12_2,Editor,/Users/zae/IdeaProject/w12_2/src/Actor.java,Actor::run,17,12,Default task
2022-11-30T16:55:01.973+09:00,zae,KeyEvent,118:86:4,w12_2,Editor,/Users/zae/IdeaProject/w12_2/src/Actor.java,Actor::run,17,40,Default task
2022-11-30T16:55:03.292+09:00,zae,Action,EditorBackSpace,w12_2,Editor,/Users/zae/IdeaProject/w12_2/src/Actor.java,Actor::run,17,37,Default task
2022-11-30T16:55:03.293+09:00,zae,KeyEvent,8:8:0,w12_2,Editor,/Users/zae/IdeaProject/w12_2/src/Actor.java,Actor::run,17,36,Default task
2022-11-30T16:55:03.447+09:00,zae,Action,EditorBackSpace,w12_2,Editor,/Users/zae/IdeaProject/w12_2/src/Actor.java,Actor::run,17,36,Default task
2022-11-30T16:55:03.448+09:00,zae,KeyEvent,8:8:0,w12_2,Editor,/Users/zae/IdeaProject/w12_2/src/Actor.java,Actor::run,17,35,Default task
2022-11-30T16:55:03.584+09:00,zae,Action,EditorBackSpace,w12_2,Editor,/Users/zae/IdeaProject/w12_2/src/Actor.java,Actor::run,17,35,Default task
2022-11-30T16:55:03.586+09:00,zae,KeyEvent,8:8:0,w12_2,Editor,/Users/zae/IdeaProject/w12_2/src/Actor.java,Actor::run,17,34,Default task
2022-11-30T16:55:03.746+09:00,zae,Action,EditorBackSpace,w12_2,Editor,/Users/zae/IdeaProject/w12_2/src/Actor.java,Actor::run,17,34,Default task
2022-11-30T16:55:03.748+09:00,zae,KeyEvent,8:8:0,w12_2,Editor,/Users/zae/IdeaProject/w12_2/src/Actor.java,Actor::run,17,33,Default task
2022-11-30T16:55:03.940+09:00,zae,Action,EditorBackSpace,w12_2,Editor,/Users/zae/IdeaProject/w12_2/src/Actor.java,Actor::run,17,33,Default task
2022-11-30T16:55:03.941+09:00,zae,KeyEvent,8:8:0,w12_2,Editor,/Users/zae/IdeaProject/w12_2/src/Actor.java,Actor::run,17,32,Default task
2022-11-30T16:55:04.100+09:00,zae,KeyEvent,101:69:0,w12_2,Editor,/Users/zae/IdeaProject/w12_2/src/Actor.java,Actor::run,17,32,Default task
2022-11-30T16:55:04.192+09:00,zae,KeyEvent,110:78:0,w12_2,Editor,/Users/zae/IdeaProject/w12_2/src/Actor.java,Actor::run,17,33,Default task
2022-11-30T16:55:04.349+09:00,zae,KeyEvent,100:68:0,w12_2,Editor,/Users/zae/IdeaProject/w12_2/src/Actor.java,Actor::run,17,34,Default task
2022-11-30T16:55:06.553+09:00,zae,Action,Run,w12_2,Editor,/Users/zae/IdeaProject/w12_2/src/SynchronizedTest.java,,2,13,Default task
2022-11-30T16:55:11.418+09:00,zae,Action,Run,w12_2,Editor,/Users/zae/IdeaProject/w12_2/src/SynchronizedTest.java,,2,13,Default task
2022-11-30T16:55:12.848+09:00,zae,Action,Run,w12_2,Editor,/Users/zae/IdeaProject/w12_2/src/SynchronizedTest.java,,2,13,Default task
2022-11-30T16:55:14.103+09:00,zae,Action,Run,w12_2,Editor,/Users/zae/IdeaProject/w12_2/src/SynchronizedTest.java,,2,13,Default task
2022-11-30T16:55:15.613+09:00,zae,Action,Run,w12_2,Editor,/Users/zae/IdeaProject/w12_2/src/SynchronizedTest.java,,2,13,Default task
2022-11-30T16:55:21.751+09:00,zae,KeyEvent,65535:157:4,w12_2,Editor,/Users/zae/IdeaProject/w12_2/src/SynchronizedTest.java,,13,1,Default task
2022-11-30T16:55:21.963+09:00,zae,Action,SaveAll,w12_2,Editor,/Users/zae/IdeaProject/w12_2/src/SynchronizedTest.java,,13,1,Default task
2022-11-30T16:55:21.963+09:00,zae,KeyEvent,115:83:4,w12_2,Editor,/Users/zae/IdeaProject/w12_2/src/SynchronizedTest.java,,13,1,Default task
2022-11-30T16:55:45.452+09:00,zae,KeyEvent,65535:16:1,w12_2,Project,/Users/zae/IdeaProject/w12_2/src/SynchronizedTest.java,,13,1,Default task
2022-11-30T16:55:45.944+09:00,zae,KeyEvent,65535:157:4,w12_2,Project,/Users/zae/IdeaProject/w12_2/src/SynchronizedTest.java,,13,1,Default task
2022-11-30T16:55:46.086+09:00,zae,Action,$Copy,w12_2,Project,/Users/zae/IdeaProject/w12_2/src/SynchronizedTest.java,,13,1,Default task
2022-11-30T16:55:46.106+09:00,zae,KeyEvent,99:67:4,w12_2,Project,/Users/zae/IdeaProject/w12_2/src/SynchronizedTest.java,,13,1,Default task
2022-11-30T16:55:46.657+09:00,zae,KeyEvent,65535:157:4,w12_2,Project,/Users/zae/IdeaProject/w12_2/src/SynchronizedTest.java,,13,1,Default task
2022-11-30T16:55:46.937+09:00,zae,Action,$Paste,w12_2,Project,/Users/zae/IdeaProject/w12_2/src/SynchronizedTest.java,,13,1,Default task
