2022-12-14T07:27:01.396+09:00,zae,IdeState,Inactive,,,,,-1,-1,
2022-12-14T07:27:02.402+09:00,zae,IdeState,Inactive,,,,,-1,-1,
2022-12-14T07:27:03.404+09:00,zae,IdeState,Inactive,,,,,-1,-1,
2022-12-14T07:27:04.407+09:00,zae,IdeState,Inactive,,,,,-1,-1,
2022-12-14T07:27:05.410+09:00,zae,IdeState,Inactive,,,,,-1,-1,
2022-12-14T07:27:06.413+09:00,zae,IdeState,Inactive,,,,,-1,-1,
2022-12-14T07:27:07.414+09:00,zae,IdeState,Inactive,,,,,-1,-1,
2022-12-14T07:27:08.418+09:00,zae,IdeState,Inactive,,,,,-1,-1,
2022-12-14T07:27:09.423+09:00,zae,IdeState,Inactive,,,,,-1,-1,
2022-12-14T07:27:10.427+09:00,zae,IdeState,Inactive,,,,,-1,-1,
2022-12-14T07:27:11.431+09:00,zae,IdeState,Inactive,,,,,-1,-1,
2022-12-14T07:27:12.434+09:00,zae,IdeState,Inactive,,,,,-1,-1,
2022-12-14T07:27:13.436+09:00,zae,IdeState,Inactive,,,,,-1,-1,
2022-12-14T07:27:14.440+09:00,zae,IdeState,Inactive,,,,,-1,-1,
2022-12-14T07:27:15.444+09:00,zae,IdeState,Inactive,,,,,-1,-1,
2022-12-14T07:27:16.448+09:00,zae,IdeState,Inactive,,,,,-1,-1,
2022-12-14T07:27:17.452+09:00,zae,IdeState,Inactive,,,,,-1,-1,
2022-12-14T07:27:18.452+09:00,zae,IdeState,Inactive,,,,,-1,-1,
2022-12-14T07:27:19.457+09:00,zae,IdeState,Inactive,,,,,-1,-1,
2022-12-14T07:27:20.460+09:00,zae,IdeState,Inactive,,,,,-1,-1,
2022-12-14T07:27:21.461+09:00,zae,IdeState,Inactive,,,,,-1,-1,
2022-12-14T07:27:22.465+09:00,zae,IdeState,Inactive,,,,,-1,-1,
2022-12-14T07:27:23.470+09:00,zae,IdeState,Inactive,,,,,-1,-1,
2022-12-14T07:27:24.470+09:00,zae,IdeState,Inactive,,,,,-1,-1,
2022-12-14T07:27:25.471+09:00,zae,IdeState,Inactive,,,,,-1,-1,
2022-12-14T07:27:26.474+09:00,zae,IdeState,Inactive,,,,,-1,-1,
2022-12-14T07:27:27.478+09:00,zae,IdeState,Inactive,,,,,-1,-1,
2022-12-14T07:27:28.478+09:00,zae,IdeState,Inactive,,,,,-1,-1,
2022-12-14T07:27:29.482+09:00,zae,IdeState,Inactive,,,,,-1,-1,
2022-12-14T07:27:30.483+09:00,zae,IdeState,Inactive,,,,,-1,-1,
2022-12-14T07:27:31.485+09:00,zae,IdeState,Inactive,,,,,-1,-1,
2022-12-14T07:27:32.488+09:00,zae,IdeState,Inactive,,,,,-1,-1,
2022-12-14T07:27:33.490+09:00,zae,IdeState,Inactive,,,,,-1,-1,
2022-12-14T07:27:34.493+09:00,zae,IdeState,Inactive,,,,,-1,-1,
2022-12-14T07:27:35.494+09:00,zae,IdeState,Inactive,,,,,-1,-1,
2022-12-14T07:27:36.498+09:00,zae,IdeState,Inactive,,,,,-1,-1,
2022-12-14T07:27:37.500+09:00,zae,IdeState,Inactive,,,,,-1,-1,
2022-12-14T07:27:38.502+09:00,zae,IdeState,Inactive,,,,,-1,-1,
2022-12-14T07:27:39.505+09:00,zae,IdeState,Inactive,,,,,-1,-1,
2022-12-14T07:27:40.510+09:00,zae,IdeState,Inactive,,,,,-1,-1,
2022-12-14T07:27:41.511+09:00,zae,IdeState,Inactive,,,,,-1,-1,
2022-12-14T07:27:42.512+09:00,zae,IdeState,Inactive,,,,,-1,-1,
2022-12-14T07:27:43.512+09:00,zae,IdeState,Inactive,,,,,-1,-1,
2022-12-14T07:27:44.515+09:00,zae,IdeState,Inactive,,,,,-1,-1,
2022-12-14T07:27:45.520+09:00,zae,IdeState,Inactive,,,,,-1,-1,
2022-12-14T07:27:46.522+09:00,zae,IdeState,Inactive,,,,,-1,-1,
2022-12-14T07:27:47.524+09:00,zae,IdeState,Inactive,,,,,-1,-1,
2022-12-14T07:27:48.527+09:00,zae,IdeState,Inactive,,,,,-1,-1,
2022-12-14T07:27:49.528+09:00,zae,IdeState,Inactive,,,,,-1,-1,
2022-12-14T07:27:50.528+09:00,zae,IdeState,Inactive,,,,,-1,-1,
2022-12-14T07:27:51.534+09:00,zae,IdeState,Inactive,,,,,-1,-1,
2022-12-14T07:27:52.537+09:00,zae,IdeState,Inactive,,,,,-1,-1,
2022-12-14T07:27:53.538+09:00,zae,IdeState,Inactive,,,,,-1,-1,
2022-12-14T07:27:54.539+09:00,zae,IdeState,Inactive,,,,,-1,-1,
2022-12-14T07:27:55.541+09:00,zae,IdeState,Inactive,,,,,-1,-1,
2022-12-14T07:27:56.544+09:00,zae,IdeState,Inactive,,,,,-1,-1,
2022-12-14T07:27:57.545+09:00,zae,IdeState,Inactive,,,,,-1,-1,
2022-12-14T07:27:58.549+09:00,zae,IdeState,Inactive,,,,,-1,-1,
2022-12-14T07:27:59.554+09:00,zae,IdeState,Inactive,,,,,-1,-1,
2022-12-14T07:28:00.557+09:00,zae,IdeState,Inactive,,,,,-1,-1,
2022-12-14T07:28:01.562+09:00,zae,IdeState,Inactive,,,,,-1,-1,
2022-12-14T07:28:02.566+09:00,zae,IdeState,Inactive,,,,,-1,-1,
2022-12-14T07:28:03.571+09:00,zae,IdeState,Inactive,,,,,-1,-1,
2022-12-14T07:28:04.574+09:00,zae,IdeState,Inactive,,,,,-1,-1,
2022-12-14T07:28:05.577+09:00,zae,IdeState,Inactive,,,,,-1,-1,
2022-12-14T07:28:06.579+09:00,zae,IdeState,Inactive,,,,,-1,-1,
2022-12-14T07:28:07.582+09:00,zae,IdeState,Inactive,,,,,-1,-1,
2022-12-14T07:28:08.584+09:00,zae,IdeState,Inactive,,,,,-1,-1,
2022-12-14T07:28:09.589+09:00,zae,IdeState,Inactive,,,,,-1,-1,
2022-12-14T07:28:10.594+09:00,zae,IdeState,Inactive,,,,,-1,-1,
2022-12-14T07:28:11.595+09:00,zae,IdeState,Inactive,,,,,-1,-1,
2022-12-14T07:28:12.597+09:00,zae,IdeState,Inactive,,,,,-1,-1,
2022-12-14T07:28:13.600+09:00,zae,IdeState,Inactive,,,,,-1,-1,
2022-12-14T07:28:14.600+09:00,zae,IdeState,Inactive,,,,,-1,-1,
2022-12-14T07:28:15.602+09:00,zae,IdeState,Inactive,,,,,-1,-1,
2022-12-14T07:28:16.603+09:00,zae,IdeState,Inactive,,,,,-1,-1,
2022-12-14T07:28:17.604+09:00,zae,IdeState,Inactive,,,,,-1,-1,
2022-12-14T07:28:18.605+09:00,zae,IdeState,Inactive,,,,,-1,-1,
2022-12-14T07:28:19.609+09:00,zae,IdeState,Inactive,,,,,-1,-1,
2022-12-14T07:28:20.612+09:00,zae,IdeState,Inactive,,,,,-1,-1,
2022-12-14T07:28:21.613+09:00,zae,IdeState,Inactive,,,,,-1,-1,
2022-12-14T07:28:22.613+09:00,zae,IdeState,Inactive,,,,,-1,-1,
2022-12-14T07:28:23.614+09:00,zae,IdeState,Inactive,,,,,-1,-1,
2022-12-14T07:28:24.616+09:00,zae,IdeState,Inactive,,,,,-1,-1,
2022-12-14T07:28:25.618+09:00,zae,IdeState,Inactive,,,,,-1,-1,
2022-12-14T07:28:26.622+09:00,zae,IdeState,Inactive,,,,,-1,-1,
2022-12-14T07:28:27.627+09:00,zae,IdeState,Inactive,,,,,-1,-1,
2022-12-14T07:28:28.628+09:00,zae,IdeState,Inactive,,,,,-1,-1,
2022-12-14T07:28:29.628+09:00,zae,IdeState,Inactive,,,,,-1,-1,
2022-12-14T07:28:30.630+09:00,zae,IdeState,Inactive,,,,,-1,-1,
2022-12-14T07:28:31.632+09:00,zae,IdeState,Inactive,,,,,-1,-1,
2022-12-14T07:28:32.634+09:00,zae,IdeState,Inactive,,,,,-1,-1,
2022-12-14T07:28:33.636+09:00,zae,IdeState,Inactive,,,,,-1,-1,
2022-12-14T07:28:34.636+09:00,zae,IdeState,Inactive,,,,,-1,-1,
2022-12-14T07:28:35.638+09:00,zae,IdeState,Inactive,,,,,-1,-1,
2022-12-14T07:28:38.155+09:00,zae,IdeState,Inactive,,,,,-1,-1,
2022-12-14T07:28:40.079+09:00,zae,IdeState,Inactive,,,,,-1,-1,
2022-12-14T07:28:41.463+09:00,zae,IdeState,Inactive,,,,,-1,-1,
2022-12-14T07:28:42.465+09:00,zae,IdeState,Inactive,,,,,-1,-1,
2022-12-14T07:28:43.469+09:00,zae,IdeState,NoProject,,,,,-1,-1,
2022-12-14T07:28:43.598+09:00,zae,Action,WelcomeScreen.CreateNewProject,,,,,-1,-1,
2022-12-14T07:28:44.509+09:00,zae,IdeState,NoProject,,,,,-1,-1,
2022-12-14T07:28:45.511+09:00,zae,IdeState,NoProject,,,,,-1,-1,
2022-12-14T07:28:46.131+09:00,zae,Action,EditorBackSpace,,,,,-1,-1,
2022-12-14T07:28:46.166+09:00,zae,Action,EditorBackSpace,,,,,-1,-1,
2022-12-14T07:28:46.243+09:00,zae,Action,EditorBackSpace,,,,,-1,-1,
2022-12-14T07:28:46.327+09:00,zae,Action,EditorBackSpace,,,,,-1,-1,
2022-12-14T07:28:46.412+09:00,zae,Action,EditorBackSpace,,,,,-1,-1,
2022-12-14T07:28:46.495+09:00,zae,Action,EditorBackSpace,,,,,-1,-1,
2022-12-14T07:28:46.512+09:00,zae,IdeState,NoProject,,,,,-1,-1,
2022-12-14T07:28:47.521+09:00,zae,IdeState,NoProject,,,,,-1,-1,
2022-12-14T07:28:48.530+09:00,zae,IdeState,NoProject,,,,,-1,-1,
2022-12-14T07:28:49.534+09:00,zae,IdeState,NoProject,,,,,-1,-1,
2022-12-14T07:28:50.613+09:00,zae,IdeState,Active,assign11,Project,,,-1,-1,Default task
2022-12-14T07:28:51.616+09:00,zae,IdeState,Active,assign11,Project,/Users/zae/IdeaProjects/assign11/src/Main.java,,0,0,Default task
2022-12-14T07:28:52.618+09:00,zae,IdeState,Active,assign11,Project,/Users/zae/IdeaProjects/assign11/src/Main.java,,0,0,Default task
2022-12-14T07:28:53.618+09:00,zae,IdeState,Active,assign11,Editor,/Users/zae/IdeaProjects/assign11/src/Main.java,,0,0,Default task
2022-12-14T07:28:54.620+09:00,zae,IdeState,Active,assign11,Editor,/Users/zae/IdeaProjects/assign11/src/Main.java,,0,0,Default task
2022-12-14T07:28:54.867+09:00,zae,Action,EditorPaste,assign11,Editor,/Users/zae/IdeaProjects/assign11/src/Main.java,,0,0,Default task
2022-12-14T07:28:55.625+09:00,zae,IdeState,Active,assign11,Editor,/Users/zae/IdeaProjects/assign11/src/Main.java,,57,1,Default task
2022-12-14T07:28:56.625+09:00,zae,IdeState,Active,assign11,Editor,/Users/zae/IdeaProjects/assign11/src/Main.java,PlayerClient::main,30,16,Default task
2022-12-14T07:28:57.626+09:00,zae,IdeState,Active,assign11,Editor,/Users/zae/IdeaProjects/assign11/src/Main.java,PlayerClient::main,30,16,Default task
2022-12-14T07:28:58.631+09:00,zae,IdeState,Active,assign11,Editor,/Users/zae/IdeaProjects/assign11/src/Main.java,PlayerClient::main,30,16,Default task
2022-12-14T07:28:59.635+09:00,zae,IdeState,Active,assign11,Editor,/Users/zae/IdeaProjects/assign11/src/Main.java,PlayerClient::main,30,16,Default task
2022-12-14T07:29:00.636+09:00,zae,IdeState,Active,assign11,Editor,/Users/zae/IdeaProjects/assign11/src/Main.java,PlayerClient::main,30,16,Default task
2022-12-14T07:29:01.638+09:00,zae,IdeState,Active,assign11,Editor,/Users/zae/IdeaProjects/assign11/src/Main.java,,1,0,Default task
2022-12-14T07:29:02.644+09:00,zae,IdeState,Active,assign11,Editor,/Users/zae/IdeaProjects/assign11/src/Main.java,,2,0,Default task
2022-12-14T07:29:03.647+09:00,zae,IdeState,Active,assign11,Editor,/Users/zae/IdeaProjects/assign11/src/Main.java,,2,0,Default task
2022-12-14T07:29:04.454+09:00,zae,Action,EditorRight,assign11,Editor,/Users/zae/IdeaProjects/assign11/src/Main.java,,2,0,Default task
2022-12-14T07:29:04.649+09:00,zae,IdeState,Active,assign11,Editor,/Users/zae/IdeaProjects/assign11/src/Main.java,,4,26,Default task
2022-12-14T07:29:05.589+09:00,zae,Action,EditorUp,assign11,Editor,/Users/zae/IdeaProjects/assign11/src/Main.java,,4,26,Default task
2022-12-14T07:29:05.650+09:00,zae,IdeState,Active,assign11,Editor,/Users/zae/IdeaProjects/assign11/src/Main.java,,3,26,Default task
2022-12-14T07:29:06.213+09:00,zae,Action,EditorDown,assign11,Editor,/Users/zae/IdeaProjects/assign11/src/Main.java,,3,26,Default task
2022-12-14T07:29:06.651+09:00,zae,IdeState,Active,assign11,Editor,/Users/zae/IdeaProjects/assign11/src/Main.java,,4,26,Default task
2022-12-14T07:29:06.744+09:00,zae,Action,EditorLeft,assign11,Editor,/Users/zae/IdeaProjects/assign11/src/Main.java,,4,26,Default task
2022-12-14T07:29:06.900+09:00,zae,Action,EditorUp,assign11,Editor,/Users/zae/IdeaProjects/assign11/src/Main.java,,4,25,Default task
2022-12-14T07:29:07.359+09:00,zae,Action,EditorLeft,assign11,Editor,/Users/zae/IdeaProjects/assign11/src/Main.java,,3,25,Default task
2022-12-14T07:29:07.654+09:00,zae,IdeState,Active,assign11,Editor,/Users/zae/IdeaProjects/assign11/src/Main.java,,3,24,Default task
2022-12-14T07:29:07.862+09:00,zae,Action,EditorLeft,assign11,Editor,/Users/zae/IdeaProjects/assign11/src/Main.java,,3,24,Default task
2022-12-14T07:29:07.945+09:00,zae,Action,EditorLeft,assign11,Editor,/Users/zae/IdeaProjects/assign11/src/Main.java,,3,23,Default task
2022-12-14T07:29:08.027+09:00,zae,Action,EditorLeft,assign11,Editor,/Users/zae/IdeaProjects/assign11/src/Main.java,,3,22,Default task
2022-12-14T07:29:08.113+09:00,zae,Action,EditorLeft,assign11,Editor,/Users/zae/IdeaProjects/assign11/src/Main.java,,3,21,Default task
2022-12-14T07:29:08.197+09:00,zae,Action,EditorLeft,assign11,Editor,/Users/zae/IdeaProjects/assign11/src/Main.java,,3,20,Default task
2022-12-14T07:29:08.548+09:00,zae,Action,EditorLeft,assign11,Editor,/Users/zae/IdeaProjects/assign11/src/Main.java,,3,19,Default task
2022-12-14T07:29:08.654+09:00,zae,IdeState,Active,assign11,Editor,/Users/zae/IdeaProjects/assign11/src/Main.java,,3,18,Default task
2022-12-14T07:29:08.872+09:00,zae,Action,EditorRight,assign11,Editor,/Users/zae/IdeaProjects/assign11/src/Main.java,,3,18,Default task
2022-12-14T07:29:09.095+09:00,zae,Action,EditorDown,assign11,Editor,/Users/zae/IdeaProjects/assign11/src/Main.java,,3,19,Default task
2022-12-14T07:29:09.322+09:00,zae,Action,EditorLeft,assign11,Editor,/Users/zae/IdeaProjects/assign11/src/Main.java,,4,19,Default task
2022-12-14T07:29:09.477+09:00,zae,Action,EditorUp,assign11,Editor,/Users/zae/IdeaProjects/assign11/src/Main.java,,4,18,Default task
2022-12-14T07:29:09.659+09:00,zae,IdeState,Active,assign11,Editor,/Users/zae/IdeaProjects/assign11/src/Main.java,,3,18,Default task
2022-12-14T07:29:09.781+09:00,zae,Action,EditorDown,assign11,Editor,/Users/zae/IdeaProjects/assign11/src/Main.java,,3,18,Default task
2022-12-14T07:29:10.663+09:00,zae,IdeState,Active,assign11,Editor,/Users/zae/IdeaProjects/assign11/src/Main.java,,4,18,Default task
2022-12-14T07:29:11.666+09:00,zae,IdeState,Active,assign11,Editor,/Users/zae/IdeaProjects/assign11/src/Main.java,,4,18,Default task
2022-12-14T07:29:12.669+09:00,zae,IdeState,Active,assign11,Editor,/Users/zae/IdeaProjects/assign11/src/Main.java,,4,18,Default task
2022-12-14T07:29:13.676+09:00,zae,IdeState,Active,assign11,Editor,/Users/zae/IdeaProjects/assign11/src/Main.java,,4,18,Default task
2022-12-14T07:29:14.679+09:00,zae,IdeState,Active,assign11,Editor,/Users/zae/IdeaProjects/assign11/src/Main.java,,4,18,Default task
2022-12-14T07:29:15.679+09:00,zae,IdeState,Active,assign11,Editor,/Users/zae/IdeaProjects/assign11/src/Main.java,,4,18,Default task
2022-12-14T07:29:16.699+09:00,zae,IdeState,Inactive,,,,,-1,-1,
2022-12-14T07:29:17.704+09:00,zae,IdeState,Inactive,,,,,-1,-1,
2022-12-14T07:29:18.704+09:00,zae,IdeState,Inactive,,,,,-1,-1,
2022-12-14T07:29:19.708+09:00,zae,IdeState,Active,assign11,Editor,/Users/zae/IdeaProjects/assign11/src/Main.java,,0,22,Default task
2022-12-14T07:29:20.709+09:00,zae,IdeState,Active,assign11,Editor,/Users/zae/IdeaProjects/assign11/src/Main.java,,0,22,Default task
2022-12-14T07:29:21.711+09:00,zae,IdeState,Active,assign11,Editor,/Users/zae/IdeaProjects/assign11/src/Main.java,,0,22,Default task
2022-12-14T07:29:22.328+09:00,zae,Action,EditorBackSpace,assign11,Editor,/Users/zae/IdeaProjects/assign11/src/Main.java,,0,0,Default task
2022-12-14T07:29:22.712+09:00,zae,Action,EditorDown,assign11,Editor,/Users/zae/IdeaProjects/assign11/src/Main.java,,0,0,Default task
2022-12-14T07:29:22.713+09:00,zae,IdeState,Active,assign11,Editor,/Users/zae/IdeaProjects/assign11/src/Main.java,,1,0,Default task
2022-12-14T07:29:22.992+09:00,zae,Action,EditorBackSpace,assign11,Editor,/Users/zae/IdeaProjects/assign11/src/Main.java,,1,0,Default task
2022-12-14T07:29:23.715+09:00,zae,IdeState,Active,assign11,Editor,/Users/zae/IdeaProjects/assign11/src/Main.java,,0,0,Default task
2022-12-14T07:29:23.780+09:00,zae,Action,EditorDown,assign11,Editor,/Users/zae/IdeaProjects/assign11/src/Main.java,,0,0,Default task
2022-12-14T07:29:24.716+09:00,zae,IdeState,Active,assign11,Editor,/Users/zae/IdeaProjects/assign11/src/Main.java,,1,0,Default task
2022-12-14T07:29:25.719+09:00,zae,IdeState,Active,assign11,Editor,/Users/zae/IdeaProjects/assign11/src/Main.java,,1,0,Default task
2022-12-14T07:29:26.725+09:00,zae,IdeState,Active,assign11,Editor,/Users/zae/IdeaProjects/assign11/src/Main.java,,1,0,Default task
2022-12-14T07:29:27.725+09:00,zae,IdeState,Active,assign11,Editor,/Users/zae/IdeaProjects/assign11/src/Main.java,,1,0,Default task
2022-12-14T07:29:28.729+09:00,zae,IdeState,Active,assign11,Editor,/Users/zae/IdeaProjects/assign11/src/Main.java,,1,0,Default task
2022-12-14T07:29:29.732+09:00,zae,IdeState,Active,assign11,Editor,/Users/zae/IdeaProjects/assign11/src/Main.java,,1,0,Default task
2022-12-14T07:29:30.737+09:00,zae,IdeState,Active,assign11,Editor,/Users/zae/IdeaProjects/assign11/src/Main.java,,1,0,Default task
2022-12-14T07:29:31.374+09:00,zae,Action,EditorDown,assign11,Editor,/Users/zae/IdeaProjects/assign11/src/Main.java,,1,0,Default task
2022-12-14T07:29:31.738+09:00,zae,IdeState,Active,assign11,Editor,/Users/zae/IdeaProjects/assign11/src/Main.java,,2,0,Default task
2022-12-14T07:29:31.769+09:00,zae,Action,EditorUp,assign11,Editor,/Users/zae/IdeaProjects/assign11/src/Main.java,,2,0,Default task
2022-12-14T07:29:32.213+09:00,zae,Action,EditorBackSpace,assign11,Editor,/Users/zae/IdeaProjects/assign11/src/Main.java,,1,0,Default task
2022-12-14T07:29:32.741+09:00,zae,IdeState,Active,assign11,Editor,/Users/zae/IdeaProjects/assign11/src/Main.java,,0,0,Default task
2022-12-14T07:29:33.745+09:00,zae,IdeState,Active,assign11,Editor,/Users/zae/IdeaProjects/assign11/src/Main.java,,0,0,Default task
2022-12-14T07:29:34.749+09:00,zae,IdeState,Active,assign11,Editor,/Users/zae/IdeaProjects/assign11/src/Main.java,,0,0,Default task
2022-12-14T07:29:35.753+09:00,zae,IdeState,Active,assign11,Editor,/Users/zae/IdeaProjects/assign11/src/Main.java,,0,0,Default task
2022-12-14T07:29:36.759+09:00,zae,IdeState,Active,assign11,Editor,/Users/zae/IdeaProjects/assign11/src/Main.java,,0,0,Default task
2022-12-14T07:29:37.413+09:00,zae,Action,EditorBackSpace,assign11,Editor,/Users/zae/IdeaProjects/assign11/src/Main.java,,0,0,Default task
2022-12-14T07:29:37.763+09:00,zae,IdeState,Active,assign11,Editor,/Users/zae/IdeaProjects/assign11/src/Main.java,,0,0,Default task
2022-12-14T07:29:38.175+09:00,zae,Action,EditorDown,assign11,Editor,/Users/zae/IdeaProjects/assign11/src/Main.java,,0,0,Default task
2022-12-14T07:29:38.527+09:00,zae,Action,EditorBackSpace,assign11,Editor,/Users/zae/IdeaProjects/assign11/src/Main.java,,1,0,Default task
2022-12-14T07:29:38.764+09:00,zae,IdeState,Active,assign11,Editor,/Users/zae/IdeaProjects/assign11/src/Main.java,,0,0,Default task
2022-12-14T07:29:39.769+09:00,zae,IdeState,Active,assign11,Editor,/Users/zae/IdeaProjects/assign11/src/Main.java,,0,0,Default task
2022-12-14T07:29:40.774+09:00,zae,IdeState,Active,assign11,Editor,/Users/zae/IdeaProjects/assign11/src/Main.java,,0,0,Default task
2022-12-14T07:29:41.777+09:00,zae,IdeState,Active,assign11,Editor,/Users/zae/IdeaProjects/assign11/src/Main.java,PlayerClient::main,29,43,Default task
2022-12-14T07:29:42.783+09:00,zae,IdeState,Active,assign11,Editor,/Users/zae/IdeaProjects/assign11/src/Main.java,PlayerClient::main,29,28,Default task
2022-12-14T07:29:43.787+09:00,zae,IdeState,Active,assign11,Editor,/Users/zae/IdeaProjects/assign11/src/Main.java,PlayerClient::main,29,28,Default task
2022-12-14T07:29:44.791+09:00,zae,IdeState,Active,assign11,Editor,/Users/zae/IdeaProjects/assign11/src/Main.java,PlayerClient::main,29,45,Default task
2022-12-14T07:29:45.793+09:00,zae,IdeState,Active,assign11,Editor,/Users/zae/IdeaProjects/assign11/src/Main.java,PlayerClient::main,29,45,Default task
2022-12-14T07:29:46.795+09:00,zae,IdeState,Active,assign11,Editor,/Users/zae/IdeaProjects/assign11/src/Main.java,PlayerClient::main,29,45,Default task
2022-12-14T07:29:47.799+09:00,zae,IdeState,Active,assign11,Editor,/Users/zae/IdeaProjects/assign11/src/Main.java,PlayerClient::main,29,45,Default task
2022-12-14T07:29:48.801+09:00,zae,IdeState,Active,assign11,Editor,/Users/zae/IdeaProjects/assign11/src/Main.java,PlayerClient::main,29,45,Default task
2022-12-14T07:29:49.803+09:00,zae,IdeState,Active,assign11,Editor,/Users/zae/IdeaProjects/assign11/src/Main.java,PlayerClient::main,29,45,Default task
2022-12-14T07:29:50.804+09:00,zae,IdeState,Active,assign11,Editor,/Users/zae/IdeaProjects/assign11/src/Main.java,PlayerClient::main,28,52,Default task
2022-12-14T07:29:51.806+09:00,zae,IdeState,Active,assign11,Editor,/Users/zae/IdeaProjects/assign11/src/Main.java,PlayerClient::main,28,52,Default task
2022-12-14T07:29:52.808+09:00,zae,IdeState,Active,assign11,Editor,/Users/zae/IdeaProjects/assign11/src/Main.java,PlayerClient::main,28,52,Default task
2022-12-14T07:29:53.809+09:00,zae,IdeState,Active,assign11,Editor,/Users/zae/IdeaProjects/assign11/src/Main.java,PlayerClient::main,24,17,Default task
2022-12-14T07:29:54.831+09:00,zae,IdeState,Inactive,,,,,-1,-1,
2022-12-14T07:29:55.832+09:00,zae,IdeState,Inactive,,,,,-1,-1,
2022-12-14T07:29:56.832+09:00,zae,IdeState,Inactive,,,,,-1,-1,
2022-12-14T07:29:57.837+09:00,zae,IdeState,Inactive,,,,,-1,-1,
2022-12-14T07:29:58.839+09:00,zae,IdeState,Inactive,,,,,-1,-1,
2022-12-14T07:29:59.843+09:00,zae,IdeState,Inactive,,,,,-1,-1,
2022-12-14T07:30:00.845+09:00,zae,IdeState,Inactive,,,,,-1,-1,
2022-12-14T07:30:01.850+09:00,zae,IdeState,Inactive,,,,,-1,-1,
2022-12-14T07:30:02.851+09:00,zae,IdeState,Inactive,,,,,-1,-1,
2022-12-14T07:30:03.855+09:00,zae,IdeState,Inactive,,,,,-1,-1,
2022-12-14T07:30:04.855+09:00,zae,IdeState,Inactive,,,,,-1,-1,
2022-12-14T07:30:05.859+09:00,zae,IdeState,Inactive,,,,,-1,-1,
2022-12-14T07:30:06.860+09:00,zae,IdeState,Inactive,,,,,-1,-1,
2022-12-14T07:30:07.860+09:00,zae,IdeState,Inactive,,,,,-1,-1,
2022-12-14T07:30:08.860+09:00,zae,IdeState,Inactive,,,,,-1,-1,
2022-12-14T07:30:09.864+09:00,zae,IdeState,Inactive,,,,,-1,-1,
2022-12-14T07:30:10.865+09:00,zae,IdeState,Inactive,,,,,-1,-1,
2022-12-14T07:30:11.867+09:00,zae,IdeState,Inactive,,,,,-1,-1,
2022-12-14T07:30:12.872+09:00,zae,IdeState,Inactive,,,,,-1,-1,
2022-12-14T07:30:13.876+09:00,zae,IdeState,Inactive,,,,,-1,-1,
2022-12-14T07:30:14.878+09:00,zae,IdeState,Inactive,,,,,-1,-1,
2022-12-14T07:30:15.878+09:00,zae,IdeState,Inactive,,,,,-1,-1,
2022-12-14T07:30:16.878+09:00,zae,IdeState,Inactive,,,,,-1,-1,
2022-12-14T07:30:17.879+09:00,zae,IdeState,Inactive,,,,,-1,-1,
2022-12-14T07:30:18.881+09:00,zae,IdeState,Inactive,,,,,-1,-1,
2022-12-14T07:30:19.882+09:00,zae,IdeState,Inactive,,,,,-1,-1,
2022-12-14T07:30:20.883+09:00,zae,IdeState,Inactive,,,,,-1,-1,
2022-12-14T07:30:21.883+09:00,zae,IdeState,Active,assign11,Editor,/Users/zae/IdeaProjects/assign11/src/Main.java,PlayerClient::main,13,3,Default task
2022-12-14T07:30:22.883+09:00,zae,IdeState,Active,assign11,Editor,/Users/zae/IdeaProjects/assign11/src/Main.java,PlayerClient::main,13,3,Default task
2022-12-14T07:30:23.884+09:00,zae,IdeState,Active,assign11,Editor,/Users/zae/IdeaProjects/assign11/src/Main.java,PlayerClient::main,13,3,Default task
2022-12-14T07:30:24.885+09:00,zae,IdeState,Active,assign11,Editor,/Users/zae/IdeaProjects/assign11/src/Main.java,PlayerClient::main,13,3,Default task
2022-12-14T07:30:25.888+09:00,zae,IdeState,Active,assign11,Project,/Users/zae/IdeaProjects/assign11/src/Main.java,PlayerClient::main,13,3,Default task
2022-12-14T07:30:26.889+09:00,zae,IdeState,Active,assign11,Project,/Users/zae/IdeaProjects/assign11/src/Main.java,PlayerClient::main,13,3,Default task
2022-12-14T07:30:27.890+09:00,zae,IdeState,Active,assign11,Project,/Users/zae/IdeaProjects/assign11/src/Main.java,PlayerClient::main,13,3,Default task
2022-12-14T07:30:28.893+09:00,zae,IdeState,Active,assign11,Project,/Users/zae/IdeaProjects/assign11/src/Main.java,PlayerClient::main,13,3,Default task
2022-12-14T07:30:29.895+09:00,zae,IdeState,Inactive,,,,,-1,-1,
2022-12-14T07:30:30.896+09:00,zae,IdeState,Active,assign11,Editor,/Users/zae/IdeaProjects/assign11/src/Main.java,,40,5,Default task
2022-12-14T07:30:31.900+09:00,zae,IdeState,Active,assign11,Dialog,/Users/zae/IdeaProjects/assign11/src/Main.java,,40,5,Default task
2022-12-14T07:30:32.901+09:00,zae,IdeState,Active,assign11,Dialog,/Users/zae/IdeaProjects/assign11/src/Main.java,,40,5,Default task
2022-12-14T07:30:33.903+09:00,zae,IdeState,Active,assign11,Dialog,/Users/zae/IdeaProjects/assign11/src/Main.java,,40,5,Default task
2022-12-14T07:30:34.903+09:00,zae,IdeState,Active,assign11,Editor,/Users/zae/IdeaProjects/assign11/src/Main.java,,40,5,Default task
2022-12-14T07:30:35.906+09:00,zae,IdeState,Active,assign11,Editor,/Users/zae/IdeaProjects/assign11/src/Main.java,,40,5,Default task
2022-12-14T07:30:36.910+09:00,zae,IdeState,Inactive,,,,,-1,-1,
2022-12-14T07:30:37.911+09:00,zae,IdeState,Active,assign11,Editor,/Users/zae/IdeaProjects/assign11/src/Main.java,PlayerClient::main,28,38,Default task
2022-12-14T07:30:38.912+09:00,zae,IdeState,Active,assign11,Editor,/Users/zae/IdeaProjects/assign11/src/Main.java,PlayerClient::makeURL,42,51,Default task
2022-12-14T07:30:39.915+09:00,zae,IdeState,Active,assign11,Editor,/Users/zae/IdeaProjects/assign11/src/Main.java,,41,0,Default task
2022-12-14T07:30:40.918+09:00,zae,IdeState,Active,assign11,Editor,/Users/zae/IdeaProjects/assign11/src/Main.java,,41,1,Default task
2022-12-14T07:30:41.919+09:00,zae,IdeState,Active,assign11,Editor,/Users/zae/IdeaProjects/assign11/src/Main.java,PlayerClient::main,28,53,Default task
2022-12-14T07:30:42.929+09:00,zae,IdeState,Active,assign11,Editor,/Users/zae/IdeaProjects/assign11/src/Main.java,PlayerClient::main,28,53,Default task
2022-12-14T07:30:43.930+09:00,zae,IdeState,Active,assign11,Editor,/Users/zae/IdeaProjects/assign11/src/Main.java,PlayerClient::main,28,53,Default task
2022-12-14T07:30:44.935+09:00,zae,IdeState,Active,assign11,Editor,/Users/zae/IdeaProjects/assign11/src/Main.java,PlayerClient::main,28,53,Default task
2022-12-14T07:30:45.938+09:00,zae,IdeState,Inactive,,,,,-1,-1,
2022-12-14T07:30:46.942+09:00,zae,IdeState,Inactive,,,,,-1,-1,
2022-12-14T07:30:47.944+09:00,zae,IdeState,Inactive,,,,,-1,-1,
2022-12-14T07:30:48.947+09:00,zae,IdeState,Active,assign11,Editor,/Users/zae/IdeaProjects/assign11/src/Main.java,PlayerClient::main,11,22,Default task
2022-12-14T07:30:49.952+09:00,zae,IdeState,Active,assign11,Editor,/Users/zae/IdeaProjects/assign11/src/Main.java,PlayerClient::main,11,22,Default task
2022-12-14T07:30:50.954+09:00,zae,IdeState,Active,assign11,Editor,/Users/zae/IdeaProjects/assign11/src/Main.java,PlayerClient::main,11,22,Default task
2022-12-14T07:30:51.955+09:00,zae,IdeState,Active,assign11,Editor,/Users/zae/IdeaProjects/assign11/src/Main.java,PlayerClient::main,11,22,Default task
2022-12-14T07:30:52.960+09:00,zae,IdeState,Active,assign11,Editor,/Users/zae/IdeaProjects/assign11/src/Main.java,,7,22,Default task
2022-12-14T07:30:53.962+09:00,zae,IdeState,Active,assign11,Editor,/Users/zae/IdeaProjects/assign11/src/Main.java,,7,22,Default task
2022-12-14T07:30:54.964+09:00,zae,IdeState,Active,assign11,Editor,/Users/zae/IdeaProjects/assign11/src/Main.java,,7,22,Default task
2022-12-14T07:30:55.969+09:00,zae,IdeState,Active,assign11,Editor,/Users/zae/IdeaProjects/assign11/src/Main.java,,7,22,Default task
2022-12-14T07:30:56.970+09:00,zae,IdeState,Active,assign11,Editor,/Users/zae/IdeaProjects/assign11/src/Main.java,,7,22,Default task
2022-12-14T07:30:58.004+09:00,zae,IdeState,Active,assign11,Popup,/Users/zae/IdeaProjects/assign11/src/Main.java,,7,22,Default task
2022-12-14T07:30:59.005+09:00,zae,IdeState,Active,assign11,Popup,/Users/zae/IdeaProjects/assign11/src/Main.java,,7,22,Default task
2022-12-14T07:31:00.005+09:00,zae,IdeState,Active,assign11,Editor,/Users/zae/IdeaProjects/assign11/src/Main.java,,7,22,Default task
2022-12-14T07:31:00.380+09:00,zae,Action,CompileDirty,assign11,Editor,/Users/zae/IdeaProjects/assign11/src/Main.java,,7,22,Default task
2022-12-14T07:31:01.007+09:00,zae,IdeState,Active,assign11,Editor,/Users/zae/IdeaProjects/assign11/src/Main.java,,7,22,Default task
2022-12-14T07:31:02.013+09:00,zae,IdeState,Active,assign11,Editor,/Users/zae/IdeaProjects/assign11/src/Main.java,,7,22,Default task
2022-12-14T07:31:03.013+09:00,zae,IdeState,Active,assign11,Editor,/Users/zae/IdeaProjects/assign11/src/Main.java,PlayerClient::main,29,25,Default task
2022-12-14T07:31:04.014+09:00,zae,IdeState,Active,assign11,Editor,/Users/zae/IdeaProjects/assign11/src/Main.java,PlayerClient::main,21,45,Default task
2022-12-14T07:31:04.564+09:00,zae,Action,Run,assign11,Editor,/Users/zae/IdeaProjects/assign11/src/Main.java,PlayerClient::main,21,45,Default task
2022-12-14T07:31:05.015+09:00,zae,IdeState,Active,assign11,Editor,/Users/zae/IdeaProjects/assign11/src/Main.java,PlayerClient::main,21,45,Default task
2022-12-14T07:31:06.065+09:00,zae,IdeState,Active,assign11,Build,/Users/zae/IdeaProjects/assign11/src/Main.java,,10,7,Default task
2022-12-14T07:31:07.066+09:00,zae,IdeState,Active,assign11,Build,/Users/zae/IdeaProjects/assign11/src/Main.java,,10,7,Default task
2022-12-14T07:31:08.067+09:00,zae,IdeState,Active,assign11,Build,/Users/zae/IdeaProjects/assign11/src/Main.java,,10,7,Default task
2022-12-14T07:31:09.076+09:00,zae,IdeState,Active,assign11,Editor,/Users/zae/IdeaProjects/assign11/src/Main.java,,10,7,Default task
2022-12-14T07:31:10.076+09:00,zae,IdeState,Active,assign11,Editor,/Users/zae/IdeaProjects/assign11/src/Main.java,,10,7,Default task
2022-12-14T07:31:11.079+09:00,zae,IdeState,Active,assign11,Editor,/Users/zae/IdeaProjects/assign11/src/Main.java,,10,7,Default task
2022-12-14T07:31:12.079+09:00,zae,IdeState,Active,assign11,Editor,/Users/zae/IdeaProjects/assign11/src/Main.java,,10,7,Default task
2022-12-14T07:31:13.082+09:00,zae,IdeState,Active,assign11,Editor,/Users/zae/IdeaProjects/assign11/src/Main.java,,10,7,Default task
2022-12-14T07:31:14.083+09:00,zae,IdeState,Active,assign11,Editor,/Users/zae/IdeaProjects/assign11/src/Main.java,,10,7,Default task
2022-12-14T07:31:15.088+09:00,zae,IdeState,Active,assign11,Editor,/Users/zae/IdeaProjects/assign11/src/Main.java,,10,7,Default task
2022-12-14T07:31:16.091+09:00,zae,IdeState,Active,assign11,Editor,/Users/zae/IdeaProjects/assign11/src/Main.java,,10,7,Default task
2022-12-14T07:31:16.513+09:00,zae,Action,CWMHostShowPopupAction,assign11,Editor,/Users/zae/IdeaProjects/assign11/src/Main.java,,10,7,Default task
2022-12-14T07:31:17.091+09:00,zae,IdeState,Active,assign11,Popup,/Users/zae/IdeaProjects/assign11/src/Main.java,,10,7,Default task
2022-12-14T07:31:18.063+09:00,zae,Action,CWMHostShowPopupAction,assign11,Editor,/Users/zae/IdeaProjects/assign11/src/Main.java,,10,7,Default task
2022-12-14T07:31:18.100+09:00,zae,IdeState,Active,assign11,Popup,/Users/zae/IdeaProjects/assign11/src/Main.java,,10,7,Default task
2022-12-14T07:31:19.100+09:00,zae,IdeState,Active,assign11,Editor,/Users/zae/IdeaProjects/assign11/src/Main.java,,10,7,Default task
2022-12-14T07:31:20.100+09:00,zae,IdeState,Active,assign11,Editor,/Users/zae/IdeaProjects/assign11/src/Main.java,,8,25,Default task
2022-12-14T07:31:21.103+09:00,zae,IdeState,Active,assign11,Editor,/Users/zae/IdeaProjects/assign11/src/Main.java,,8,25,Default task
2022-12-14T07:31:22.104+09:00,zae,IdeState,Active,assign11,Editor,/Users/zae/IdeaProjects/assign11/src/Main.java,,8,25,Default task
2022-12-14T07:31:23.107+09:00,zae,IdeState,Active,assign11,Editor,/Users/zae/IdeaProjects/assign11/src/Main.java,PlayerClient::main,36,34,Default task
2022-12-14T07:31:24.108+09:00,zae,IdeState,Active,assign11,Editor,/Users/zae/IdeaProjects/assign11/src/Main.java,PlayerClient::main,36,34,Default task
2022-12-14T07:31:25.111+09:00,zae,IdeState,Active,assign11,Editor,/Users/zae/IdeaProjects/assign11/src/Main.java,PlayerClient::main,36,34,Default task
2022-12-14T07:31:26.112+09:00,zae,IdeState,Active,assign11,Editor,/Users/zae/IdeaProjects/assign11/src/Main.java,PlayerClient::main,28,21,Default task
2022-12-14T07:31:27.112+09:00,zae,IdeState,Active,assign11,Editor,/Users/zae/IdeaProjects/assign11/src/Main.java,PlayerClient::main,28,21,Default task
2022-12-14T07:31:28.114+09:00,zae,IdeState,Active,assign11,Editor,/Users/zae/IdeaProjects/assign11/src/Main.java,PlayerClient::main,28,21,Default task
2022-12-14T07:31:29.117+09:00,zae,IdeState,Active,assign11,Editor,/Users/zae/IdeaProjects/assign11/src/Main.java,PlayerClient::main,28,21,Default task
2022-12-14T07:31:30.120+09:00,zae,IdeState,Active,assign11,Editor,/Users/zae/IdeaProjects/assign11/src/Main.java,PlayerClient::main,28,21,Default task
2022-12-14T07:31:31.125+09:00,zae,IdeState,Active,assign11,Editor,/Users/zae/IdeaProjects/assign11/src/Main.java,PlayerClient::main,28,21,Default task
2022-12-14T07:31:32.126+09:00,zae,IdeState,Inactive,,,,,-1,-1,
2022-12-14T07:31:33.126+09:00,zae,IdeState,Inactive,,,,,-1,-1,
2022-12-14T07:31:34.131+09:00,zae,IdeState,Inactive,,,,,-1,-1,
2022-12-14T07:31:35.135+09:00,zae,IdeState,Inactive,,,,,-1,-1,
2022-12-14T07:31:36.139+09:00,zae,IdeState,Inactive,,,,,-1,-1,
2022-12-14T07:31:37.143+09:00,zae,IdeState,Inactive,,,,,-1,-1,
2022-12-14T07:31:38.143+09:00,zae,IdeState,Inactive,,,,,-1,-1,
2022-12-14T07:31:39.144+09:00,zae,IdeState,Inactive,,,,,-1,-1,
2022-12-14T07:31:40.149+09:00,zae,IdeState,Inactive,,,,,-1,-1,
2022-12-14T07:31:41.152+09:00,zae,IdeState,Inactive,,,,,-1,-1,
2022-12-14T07:31:42.155+09:00,zae,IdeState,Inactive,,,,,-1,-1,
2022-12-14T07:31:43.161+09:00,zae,IdeState,Inactive,,,,,-1,-1,
2022-12-14T07:31:44.165+09:00,zae,IdeState,Inactive,,,,,-1,-1,
2022-12-14T07:31:45.169+09:00,zae,IdeState,Inactive,,,,,-1,-1,
2022-12-14T07:31:46.172+09:00,zae,IdeState,Inactive,,,,,-1,-1,
2022-12-14T07:31:47.177+09:00,zae,IdeState,Inactive,,,,,-1,-1,
2022-12-14T07:31:48.181+09:00,zae,IdeState,Inactive,,,,,-1,-1,
2022-12-14T07:31:49.182+09:00,zae,IdeState,Inactive,,,,,-1,-1,
2022-12-14T07:31:50.183+09:00,zae,IdeState,Inactive,,,,,-1,-1,
2022-12-14T07:31:51.186+09:00,zae,IdeState,Inactive,,,,,-1,-1,
2022-12-14T07:31:52.189+09:00,zae,IdeState,Inactive,,,,,-1,-1,
2022-12-14T07:31:53.193+09:00,zae,IdeState,Inactive,,,,,-1,-1,
2022-12-14T07:31:54.195+09:00,zae,IdeState,Inactive,,,,,-1,-1,
2022-12-14T07:31:55.198+09:00,zae,IdeState,Inactive,,,,,-1,-1,
2022-12-14T07:31:56.201+09:00,zae,IdeState,Inactive,,,,,-1,-1,
2022-12-14T07:31:57.202+09:00,zae,IdeState,Inactive,,,,,-1,-1,
2022-12-14T07:31:58.204+09:00,zae,IdeState,Inactive,,,,,-1,-1,
2022-12-14T07:31:59.207+09:00,zae,IdeState,Inactive,,,,,-1,-1,
2022-12-14T07:32:00.210+09:00,zae,IdeState,Inactive,,,,,-1,-1,
2022-12-14T07:32:01.211+09:00,zae,IdeState,Inactive,,,,,-1,-1,
2022-12-14T07:32:02.214+09:00,zae,IdeState,Inactive,,,,,-1,-1,
2022-12-14T07:32:03.219+09:00,zae,IdeState,Inactive,,,,,-1,-1,
2022-12-14T07:32:04.222+09:00,zae,IdeState,Inactive,,,,,-1,-1,
2022-12-14T07:32:05.227+09:00,zae,IdeState,Inactive,,,,,-1,-1,
2022-12-14T07:32:06.231+09:00,zae,IdeState,Inactive,,,,,-1,-1,
2022-12-14T07:32:11.040+09:00,zae,IdeState,Inactive,,,,,-1,-1,
2022-12-14T07:32:12.043+09:00,zae,IdeState,Active,assign11,Editor,/Users/zae/IdeaProjects/assign11/src/Main.java,PlayerClient::main,22,22,Default task
2022-12-14T07:32:13.047+09:00,zae,IdeState,Active,assign11,Editor,/Users/zae/IdeaProjects/assign11/src/Main.java,PlayerClient::main,22,22,Default task
2022-12-14T07:32:14.049+09:00,zae,IdeState,Active,assign11,Editor,/Users/zae/IdeaProjects/assign11/src/Main.java,PlayerClient::main,22,22,Default task
2022-12-14T07:32:15.053+09:00,zae,IdeState,Inactive,,,,,-1,-1,
2022-12-14T07:32:16.055+09:00,zae,IdeState,Active,assign11,Editor,/Users/zae/IdeaProjects/assign11/src/Main.java,PlayerClient::main,26,51,Default task
2022-12-14T07:32:17.060+09:00,zae,IdeState,Active,assign11,Editor,/Users/zae/IdeaProjects/assign11/src/Main.java,PlayerClient::main,25,13,Default task
2022-12-14T07:32:18.061+09:00,zae,IdeState,Active,assign11,Editor,/Users/zae/IdeaProjects/assign11/src/Main.java,PlayerClient::main,25,13,Default task
2022-12-14T07:32:19.063+09:00,zae,IdeState,Active,assign11,Editor,/Users/zae/IdeaProjects/assign11/src/Main.java,PlayerClient::main,29,53,Default task
2022-12-14T07:32:20.068+09:00,zae,IdeState,Active,assign11,Editor,/Users/zae/IdeaProjects/assign11/src/Main.java,PlayerClient::main,29,53,Default task
2022-12-14T07:32:20.275+09:00,zae,Action,EditorEnter,assign11,Editor,/Users/zae/IdeaProjects/assign11/src/Main.java,PlayerClient::main,29,53,Default task
2022-12-14T07:32:21.069+09:00,zae,IdeState,Active,assign11,Editor,/Users/zae/IdeaProjects/assign11/src/Main.java,PlayerClient::main,30,14,Default task
2022-12-14T07:32:22.072+09:00,zae,IdeState,Active,assign11,Editor,/Users/zae/IdeaProjects/assign11/src/Main.java,PlayerClient::main,30,17,Default task
2022-12-14T07:32:23.072+09:00,zae,IdeState,Active,assign11,Editor,/Users/zae/IdeaProjects/assign11/src/Main.java,PlayerClient::main,30,20,Default task
2022-12-14T07:32:24.076+09:00,zae,IdeState,Active,assign11,Editor,/Users/zae/IdeaProjects/assign11/src/Main.java,PlayerClient::main,30,20,Default task
2022-12-14T07:32:25.079+09:00,zae,IdeState,Active,assign11,Editor,/Users/zae/IdeaProjects/assign11/src/Main.java,PlayerClient::main,30,22,Default task
2022-12-14T07:32:25.707+09:00,zae,Action,EditorBackSpace,assign11,Editor,/Users/zae/IdeaProjects/assign11/src/Main.java,PlayerClient::main,30,22,Default task
2022-12-14T07:32:25.872+09:00,zae,Action,EditorBackSpace,assign11,Editor,/Users/zae/IdeaProjects/assign11/src/Main.java,PlayerClient::main,30,21,Default task
2022-12-14T07:32:26.041+09:00,zae,Action,EditorBackSpace,assign11,Editor,/Users/zae/IdeaProjects/assign11/src/Main.java,PlayerClient::main,30,20,Default task
2022-12-14T07:32:26.080+09:00,zae,IdeState,Active,assign11,Editor,/Users/zae/IdeaProjects/assign11/src/Main.java,PlayerClient::main,30,19,Default task
2022-12-14T07:32:26.180+09:00,zae,Action,EditorBackSpace,assign11,Editor,/Users/zae/IdeaProjects/assign11/src/Main.java,PlayerClient::main,30,19,Default task
2022-12-14T07:32:26.388+09:00,zae,Action,EditorRight,assign11,Editor,/Users/zae/IdeaProjects/assign11/src/Main.java,PlayerClient::main,30,18,Default task
2022-12-14T07:32:26.645+09:00,zae,Action,EditorBackSpace,assign11,Editor,/Users/zae/IdeaProjects/assign11/src/Main.java,PlayerClient::main,30,19,Default task
2022-12-14T07:32:26.781+09:00,zae,Action,EditorBackSpace,assign11,Editor,/Users/zae/IdeaProjects/assign11/src/Main.java,PlayerClient::main,30,18,Default task
2022-12-14T07:32:26.916+09:00,zae,Action,EditorBackSpace,assign11,Editor,/Users/zae/IdeaProjects/assign11/src/Main.java,PlayerClient::main,30,17,Default task
2022-12-14T07:32:27.048+09:00,zae,Action,EditorBackSpace,assign11,Editor,/Users/zae/IdeaProjects/assign11/src/Main.java,PlayerClient::main,30,16,Default task
2022-12-14T07:32:27.080+09:00,zae,IdeState,Active,assign11,Editor,/Users/zae/IdeaProjects/assign11/src/Main.java,PlayerClient::main,30,15,Default task
2022-12-14T07:32:27.175+09:00,zae,Action,EditorBackSpace,assign11,Editor,/Users/zae/IdeaProjects/assign11/src/Main.java,PlayerClient::main,30,15,Default task
2022-12-14T07:32:27.306+09:00,zae,Action,EditorBackSpace,assign11,Editor,/Users/zae/IdeaProjects/assign11/src/Main.java,PlayerClient::main,30,14,Default task
2022-12-14T07:32:27.441+09:00,zae,Action,EditorBackSpace,assign11,Editor,/Users/zae/IdeaProjects/assign11/src/Main.java,PlayerClient::main,30,13,Default task
2022-12-14T07:32:27.786+09:00,zae,Action,EditorBackSpace,assign11,Editor,/Users/zae/IdeaProjects/assign11/src/Main.java,PlayerClient::main,30,12,Default task
2022-12-14T07:32:28.083+09:00,zae,IdeState,Active,assign11,Editor,/Users/zae/IdeaProjects/assign11/src/Main.java,PlayerClient::main,29,53,Default task
2022-12-14T07:32:29.084+09:00,zae,IdeState,Active,assign11,Editor,/Users/zae/IdeaProjects/assign11/src/Main.java,PlayerClient::main,29,53,Default task
2022-12-14T07:32:30.088+09:00,zae,IdeState,Active,assign11,Editor,/Users/zae/IdeaProjects/assign11/src/Main.java,PlayerClient::main,31,0,Default task
2022-12-14T07:32:30.759+09:00,zae,Action,EditorTab,assign11,Editor,/Users/zae/IdeaProjects/assign11/src/Main.java,PlayerClient::main,31,0,Default task
2022-12-14T07:32:30.986+09:00,zae,Action,EditorTab,assign11,Editor,/Users/zae/IdeaProjects/assign11/src/Main.java,PlayerClient::main,31,4,Default task
2022-12-14T07:32:31.089+09:00,zae,IdeState,Active,assign11,Editor,/Users/zae/IdeaProjects/assign11/src/Main.java,PlayerClient::main,31,8,Default task
2022-12-14T07:32:31.166+09:00,zae,Action,EditorTab,assign11,Editor,/Users/zae/IdeaProjects/assign11/src/Main.java,PlayerClient::main,31,8,Default task
2022-12-14T07:32:32.089+09:00,zae,IdeState,Active,assign11,Editor,/Users/zae/IdeaProjects/assign11/src/Main.java,PlayerClient::main,31,15,Default task
2022-12-14T07:32:33.090+09:00,zae,IdeState,Active,assign11,Editor,/Users/zae/IdeaProjects/assign11/src/Main.java,PlayerClient::main,31,17,Default task
2022-12-14T07:32:33.281+09:00,zae,Action,EditorBackSpace,assign11,Editor,/Users/zae/IdeaProjects/assign11/src/Main.java,PlayerClient::main,31,17,Default task
2022-12-14T07:32:33.547+09:00,zae,Action,EditorBackSpace,assign11,Editor,/Users/zae/IdeaProjects/assign11/src/Main.java,PlayerClient::main,31,16,Default task
2022-12-14T07:32:34.093+09:00,zae,IdeState,Active,assign11,Editor,/Users/zae/IdeaProjects/assign11/src/Main.java,PlayerClient::main,31,15,Default task
2022-12-14T07:32:35.094+09:00,zae,IdeState,Active,assign11,Editor,/Users/zae/IdeaProjects/assign11/src/Main.java,PlayerClient::main,31,21,Default task
2022-12-14T07:32:36.095+09:00,zae,IdeState,Active,assign11,Editor,/Users/zae/IdeaProjects/assign11/src/Main.java,PlayerClient::main,31,23,Default task
2022-12-14T07:32:37.095+09:00,zae,IdeState,Active,assign11,Editor,/Users/zae/IdeaProjects/assign11/src/Main.java,PlayerClient::main,31,29,Default task
2022-12-14T07:32:38.098+09:00,zae,IdeState,Active,assign11,Editor,/Users/zae/IdeaProjects/assign11/src/Main.java,PlayerClient::main,31,36,Default task
2022-12-14T07:32:39.102+09:00,zae,IdeState,Active,assign11,Editor,/Users/zae/IdeaProjects/assign11/src/Main.java,PlayerClient::main,31,51,Default task
2022-12-14T07:32:40.102+09:00,zae,IdeState,Active,assign11,Editor,/Users/zae/IdeaProjects/assign11/src/Main.java,PlayerClient::main,31,62,Default task
2022-12-14T07:32:41.107+09:00,zae,IdeState,Active,assign11,Editor,/Users/zae/IdeaProjects/assign11/src/Main.java,PlayerClient::main,31,64,Default task
2022-12-14T07:32:42.003+09:00,zae,Action,EditorBackSpace,assign11,Editor,/Users/zae/IdeaProjects/assign11/src/Main.java,PlayerClient::main,31,66,Default task
2022-12-14T07:32:42.109+09:00,zae,IdeState,Active,assign11,Editor,/Users/zae/IdeaProjects/assign11/src/Main.java,PlayerClient::main,31,65,Default task
2022-12-14T07:32:42.369+09:00,zae,Action,EditorBackSpace,assign11,Editor,/Users/zae/IdeaProjects/assign11/src/Main.java,PlayerClient::main,31,65,Default task
2022-12-14T07:32:42.519+09:00,zae,Action,EditorBackSpace,assign11,Editor,/Users/zae/IdeaProjects/assign11/src/Main.java,PlayerClient::main,31,64,Default task
2022-12-14T07:32:42.663+09:00,zae,Action,EditorBackSpace,assign11,Editor,/Users/zae/IdeaProjects/assign11/src/Main.java,PlayerClient::main,31,63,Default task
2022-12-14T07:32:42.796+09:00,zae,Action,EditorBackSpace,assign11,Editor,/Users/zae/IdeaProjects/assign11/src/Main.java,PlayerClient::main,31,62,Default task
2022-12-14T07:32:42.929+09:00,zae,Action,EditorBackSpace,assign11,Editor,/Users/zae/IdeaProjects/assign11/src/Main.java,PlayerClient::main,31,61,Default task
2022-12-14T07:32:43.065+09:00,zae,Action,EditorBackSpace,assign11,Editor,/Users/zae/IdeaProjects/assign11/src/Main.java,PlayerClient::main,31,60,Default task
2022-12-14T07:32:43.110+09:00,zae,IdeState,Active,assign11,Editor,/Users/zae/IdeaProjects/assign11/src/Main.java,PlayerClient::main,31,59,Default task
2022-12-14T07:32:43.191+09:00,zae,Action,EditorBackSpace,assign11,Editor,/Users/zae/IdeaProjects/assign11/src/Main.java,PlayerClient::main,31,59,Default task
2022-12-14T07:32:43.283+09:00,zae,Action,EditorBackSpace,assign11,Editor,/Users/zae/IdeaProjects/assign11/src/Main.java,PlayerClient::main,31,58,Default task
2022-12-14T07:32:44.110+09:00,zae,IdeState,Active,assign11,Editor,/Users/zae/IdeaProjects/assign11/src/Main.java,PlayerClient::main,31,57,Default task
2022-12-14T07:32:45.110+09:00,zae,IdeState,Active,assign11,Editor,/Users/zae/IdeaProjects/assign11/src/Main.java,PlayerClient::main,31,12,Default task
2022-12-14T07:32:45.132+09:00,zae,Action,EditorBackSpace,assign11,Editor,/Users/zae/IdeaProjects/assign11/src/Main.java,PlayerClient::main,31,12,Default task
2022-12-14T07:32:45.701+09:00,zae,Action,EditorBackSpace,assign11,Editor,/Users/zae/IdeaProjects/assign11/src/Main.java,PlayerClient::main,31,12,Default task
2022-12-14T07:32:46.111+09:00,zae,IdeState,Active,assign11,Editor,/Users/zae/IdeaProjects/assign11/src/Main.java,PlayerClient::main,30,69,Default task
2022-12-14T07:32:47.111+09:00,zae,IdeState,Active,assign11,Editor,/Users/zae/IdeaProjects/assign11/src/Main.java,PlayerClient::main,30,69,Default task
2022-12-14T07:32:48.114+09:00,zae,IdeState,Active,assign11,Editor,/Users/zae/IdeaProjects/assign11/src/Main.java,PlayerClient::main,34,33,Default task
2022-12-14T07:32:49.117+09:00,zae,IdeState,Active,assign11,Editor,/Users/zae/IdeaProjects/assign11/src/Main.java,PlayerClient::main,35,34,Default task
2022-12-14T07:32:50.121+09:00,zae,IdeState,Active,assign11,Popup,/Users/zae/IdeaProjects/assign11/src/Main.java,PlayerClient::main,35,34,Default task
2022-12-14T07:32:51.125+09:00,zae,IdeState,Active,assign11,Popup,/Users/zae/IdeaProjects/assign11/src/Main.java,PlayerClient::main,35,34,Default task
2022-12-14T07:32:52.128+09:00,zae,IdeState,Inactive,,,,,-1,-1,
2022-12-14T07:32:53.133+09:00,zae,IdeState,Inactive,,,,,-1,-1,
2022-12-14T07:32:54.134+09:00,zae,IdeState,Inactive,,,,,-1,-1,
2022-12-14T07:32:55.137+09:00,zae,IdeState,Inactive,,,,,-1,-1,
2022-12-14T07:32:56.141+09:00,zae,IdeState,Inactive,,,,,-1,-1,
2022-12-14T07:32:57.143+09:00,zae,IdeState,Active,assign11,Editor,/Users/zae/IdeaProjects/assign11/src/Main.java,PlayerClient::main,32,17,Default task
2022-12-14T07:32:58.144+09:00,zae,IdeState,Active,assign11,Editor,/Users/zae/IdeaProjects/assign11/src/Main.java,PlayerClient::main,32,17,Default task
2022-12-14T07:32:59.145+09:00,zae,IdeState,Active,assign11,Editor,/Users/zae/IdeaProjects/assign11/src/Main.java,PlayerClient::main,11,45,Default task
2022-12-14T07:32:59.923+09:00,zae,Action,EditorEnter,assign11,Editor,/Users/zae/IdeaProjects/assign11/src/Main.java,PlayerClient::main,11,45,Default task
2022-12-14T07:33:00.145+09:00,zae,IdeState,Active,assign11,Editor,/Users/zae/IdeaProjects/assign11/src/Main.java,PlayerClient::main,12,8,Default task
2022-12-14T07:33:01.145+09:00,zae,IdeState,Active,assign11,Editor,/Users/zae/IdeaProjects/assign11/src/Main.java,PlayerClient::main,12,11,Default task
2022-12-14T07:33:01.599+09:00,zae,Action,EditorBackSpace,assign11,Editor,/Users/zae/IdeaProjects/assign11/src/Main.java,PlayerClient::main,12,11,Default task
2022-12-14T07:33:02.148+09:00,zae,IdeState,Active,assign11,Editor,/Users/zae/IdeaProjects/assign11/src/Main.java,PlayerClient::main,12,10,Default task
2022-12-14T07:33:02.217+09:00,zae,Action,EditorBackSpace,assign11,Editor,/Users/zae/IdeaProjects/assign11/src/Main.java,PlayerClient::main,12,10,Default task
2022-12-14T07:33:02.421+09:00,zae,Action,EditorBackSpace,assign11,Editor,/Users/zae/IdeaProjects/assign11/src/Main.java,PlayerClient::main,12,9,Default task
2022-12-14T07:33:02.966+09:00,zae,Action,EditorBackSpace,assign11,Editor,/Users/zae/IdeaProjects/assign11/src/Main.java,PlayerClient::main,12,8,Default task
2022-12-14T07:33:03.152+09:00,zae,IdeState,Active,assign11,Editor,/Users/zae/IdeaProjects/assign11/src/Main.java,PlayerClient::main,11,45,Default task
2022-12-14T07:33:04.157+09:00,zae,IdeState,Active,assign11,Editor,/Users/zae/IdeaProjects/assign11/src/Main.java,PlayerClient::main,11,45,Default task
2022-12-14T07:33:05.160+09:00,zae,IdeState,Active,assign11,Editor,/Users/zae/IdeaProjects/assign11/src/Main.java,PlayerClient::main,11,45,Default task
2022-12-14T07:33:06.161+09:00,zae,IdeState,Active,assign11,Editor,/Users/zae/IdeaProjects/assign11/src/Main.java,PlayerClient::main,11,45,Default task
2022-12-14T07:33:07.161+09:00,zae,IdeState,Active,assign11,Editor,/Users/zae/IdeaProjects/assign11/src/Main.java,PlayerClient::makeURL,42,43,Default task
2022-12-14T07:33:08.163+09:00,zae,IdeState,Active,assign11,Editor,/Users/zae/IdeaProjects/assign11/src/Main.java,PlayerClient::makeURL,43,51,Default task
2022-12-14T07:33:09.164+09:00,zae,IdeState,Active,assign11,Editor,/Users/zae/IdeaProjects/assign11/src/Main.java,PlayerClient::makeURL,45,41,Default task
2022-12-14T07:33:10.167+09:00,zae,IdeState,Active,assign11,Editor,/Users/zae/IdeaProjects/assign11/src/Main.java,PlayerClient::makeURL,46,54,Default task
2022-12-14T07:33:11.169+09:00,zae,IdeState,Active,assign11,Editor,/Users/zae/IdeaProjects/assign11/src/Main.java,PlayerClient::makeURL,46,54,Default task
2022-12-14T07:33:12.169+09:00,zae,IdeState,Active,assign11,Editor,/Users/zae/IdeaProjects/assign11/src/Main.java,PlayerClient::makeURL,46,54,Default task
2022-12-14T07:33:13.174+09:00,zae,IdeState,Active,assign11,Editor,/Users/zae/IdeaProjects/assign11/src/Main.java,PlayerClient::makeURL,46,54,Default task
2022-12-14T07:33:14.177+09:00,zae,IdeState,Active,assign11,Editor,/Users/zae/IdeaProjects/assign11/src/Main.java,PlayerClient::makeURL,46,54,Default task
2022-12-14T07:33:15.178+09:00,zae,IdeState,Active,assign11,Editor,/Users/zae/IdeaProjects/assign11/src/Main.java,PlayerClient::makeURL,46,54,Default task
2022-12-14T07:33:16.178+09:00,zae,IdeState,Active,assign11,Editor,/Users/zae/IdeaProjects/assign11/src/Main.java,PlayerClient::makeURL,46,54,Default task
2022-12-14T07:33:17.178+09:00,zae,IdeState,Active,assign11,Editor,/Users/zae/IdeaProjects/assign11/src/Main.java,PlayerClient::makeURL,46,54,Default task
2022-12-14T07:33:18.179+09:00,zae,IdeState,Active,assign11,Editor,/Users/zae/IdeaProjects/assign11/src/Main.java,PlayerClient::main,33,13,Default task
2022-12-14T07:33:19.179+09:00,zae,IdeState,Inactive,,,,,-1,-1,
2022-12-14T07:33:20.180+09:00,zae,IdeState,Inactive,,,,,-1,-1,
2022-12-14T07:33:21.184+09:00,zae,IdeState,Inactive,,,,,-1,-1,
2022-12-14T07:33:22.186+09:00,zae,IdeState,Inactive,,,,,-1,-1,
2022-12-14T07:33:23.187+09:00,zae,IdeState,Active,assign11,Editor,/Users/zae/IdeaProjects/assign11/src/Main.java,PlayerClient::main,33,13,Default task
2022-12-14T07:33:24.188+09:00,zae,IdeState,Inactive,,,,,-1,-1,
2022-12-14T07:33:25.193+09:00,zae,IdeState,Inactive,,,,,-1,-1,
2022-12-14T07:33:26.194+09:00,zae,IdeState,Inactive,,,,,-1,-1,
2022-12-14T07:33:27.195+09:00,zae,IdeState,Inactive,,,,,-1,-1,
2022-12-14T07:33:28.195+09:00,zae,IdeState,Inactive,,,,,-1,-1,
2022-12-14T07:33:29.200+09:00,zae,IdeState,Inactive,,,,,-1,-1,
2022-12-14T07:33:30.205+09:00,zae,IdeState,Inactive,,,,,-1,-1,
2022-12-14T07:33:31.209+09:00,zae,IdeState,Inactive,,,,,-1,-1,
2022-12-14T07:33:32.210+09:00,zae,IdeState,Inactive,,,,,-1,-1,
2022-12-14T07:33:33.211+09:00,zae,IdeState,Inactive,,,,,-1,-1,
2022-12-14T07:33:34.213+09:00,zae,IdeState,Inactive,,,,,-1,-1,
2022-12-14T07:33:35.217+09:00,zae,IdeState,Inactive,,,,,-1,-1,
2022-12-14T07:33:36.221+09:00,zae,IdeState,Inactive,,,,,-1,-1,
2022-12-14T07:33:37.222+09:00,zae,IdeState,Active,assign11,Editor,/Users/zae/IdeaProjects/assign11/src/Main.java,PlayerClient::main,33,13,Default task
2022-12-14T07:33:38.227+09:00,zae,IdeState,Active,assign11,Editor,/Users/zae/IdeaProjects/assign11/src/Main.java,PlayerClient::main,33,13,Default task
2022-12-14T07:33:39.230+09:00,zae,IdeState,Active,assign11,Editor,/Users/zae/IdeaProjects/assign11/src/Main.java,PlayerClient::main,33,13,Default task
2022-12-14T07:33:40.232+09:00,zae,IdeState,Active,assign11,Editor,/Users/zae/IdeaProjects/assign11/src/Main.java,PlayerClient::main,33,13,Default task
2022-12-14T07:33:41.235+09:00,zae,IdeState,Active,assign11,Editor,/Users/zae/IdeaProjects/assign11/src/Main.java,PlayerClient::main,33,13,Default task
2022-12-14T07:33:42.236+09:00,zae,IdeState,Active,assign11,Editor,/Users/zae/IdeaProjects/assign11/src/Main.java,PlayerClient::main,33,13,Default task
2022-12-14T07:33:43.239+09:00,zae,IdeState,Active,assign11,Editor,/Users/zae/IdeaProjects/assign11/src/Main.java,PlayerClient::main,33,13,Default task
2022-12-14T07:33:44.243+09:00,zae,IdeState,Active,assign11,Editor,/Users/zae/IdeaProjects/assign11/src/Main.java,PlayerClient::main,33,13,Default task
2022-12-14T07:33:45.244+09:00,zae,IdeState,Active,assign11,Editor,/Users/zae/IdeaProjects/assign11/src/Main.java,PlayerClient::main,33,13,Default task
2022-12-14T07:33:46.248+09:00,zae,IdeState,Active,assign11,Editor,/Users/zae/IdeaProjects/assign11/src/Main.java,PlayerClient::main,33,13,Default task
2022-12-14T07:33:47.251+09:00,zae,IdeState,Active,assign11,Editor,/Users/zae/IdeaProjects/assign11/src/Main.java,PlayerClient::main,33,13,Default task
2022-12-14T07:33:48.251+09:00,zae,IdeState,Active,assign11,Editor,/Users/zae/IdeaProjects/assign11/src/Main.java,PlayerClient::main,33,13,Default task
2022-12-14T07:33:49.256+09:00,zae,IdeState,Active,assign11,Editor,/Users/zae/IdeaProjects/assign11/src/Main.java,PlayerClient::main,33,13,Default task
2022-12-14T07:33:50.260+09:00,zae,IdeState,Active,assign11,Editor,/Users/zae/IdeaProjects/assign11/src/Main.java,PlayerClient::main,33,13,Default task
2022-12-14T07:33:51.261+09:00,zae,IdeState,Active,assign11,Editor,/Users/zae/IdeaProjects/assign11/src/Main.java,PlayerClient::main,33,13,Default task
2022-12-14T07:33:52.302+09:00,zae,IdeState,Inactive,,,,,-1,-1,
2022-12-14T07:33:53.304+09:00,zae,IdeState,Inactive,,,,,-1,-1,
2022-12-14T07:33:54.305+09:00,zae,IdeState,Inactive,,,,,-1,-1,
2022-12-14T07:33:55.310+09:00,zae,IdeState,Inactive,,,,,-1,-1,
2022-12-14T07:33:56.311+09:00,zae,IdeState,Inactive,,,,,-1,-1,
2022-12-14T07:33:57.312+09:00,zae,IdeState,Inactive,,,,,-1,-1,
2022-12-14T07:33:58.316+09:00,zae,IdeState,Inactive,,,,,-1,-1,
2022-12-14T07:33:59.317+09:00,zae,IdeState,Inactive,,,,,-1,-1,
2022-12-14T07:34:00.322+09:00,zae,IdeState,Inactive,,,,,-1,-1,
2022-12-14T07:34:01.327+09:00,zae,IdeState,Inactive,,,,,-1,-1,
2022-12-14T07:34:02.328+09:00,zae,IdeState,Inactive,,,,,-1,-1,
2022-12-14T07:34:03.331+09:00,zae,IdeState,Inactive,,,,,-1,-1,
2022-12-14T07:34:04.336+09:00,zae,IdeState,Inactive,,,,,-1,-1,
2022-12-14T07:34:05.338+09:00,zae,IdeState,Inactive,,,,,-1,-1,
2022-12-14T07:34:06.342+09:00,zae,IdeState,Inactive,,,,,-1,-1,
2022-12-14T07:34:07.343+09:00,zae,IdeState,Inactive,,,,,-1,-1,
2022-12-14T07:34:08.347+09:00,zae,IdeState,Inactive,,,,,-1,-1,
2022-12-14T07:34:09.348+09:00,zae,IdeState,Inactive,,,,,-1,-1,
2022-12-14T07:34:10.351+09:00,zae,IdeState,Inactive,,,,,-1,-1,
2022-12-14T07:34:11.353+09:00,zae,IdeState,Inactive,,,,,-1,-1,
2022-12-14T07:34:12.357+09:00,zae,IdeState,Inactive,,,,,-1,-1,
2022-12-14T07:34:13.360+09:00,zae,IdeState,Inactive,,,,,-1,-1,
2022-12-14T07:34:14.364+09:00,zae,IdeState,Inactive,,,,,-1,-1,
2022-12-14T07:34:15.366+09:00,zae,IdeState,Inactive,,,,,-1,-1,
2022-12-14T07:34:16.371+09:00,zae,IdeState,Inactive,,,,,-1,-1,
2022-12-14T07:34:17.372+09:00,zae,IdeState,Inactive,,,,,-1,-1,
2022-12-14T07:34:18.376+09:00,zae,IdeState,Inactive,,,,,-1,-1,
2022-12-14T07:34:19.379+09:00,zae,IdeState,Inactive,,,,,-1,-1,
2022-12-14T07:34:20.380+09:00,zae,IdeState,Inactive,,,,,-1,-1,
2022-12-14T07:34:21.384+09:00,zae,IdeState,Inactive,,,,,-1,-1,
2022-12-14T07:34:22.385+09:00,zae,IdeState,Inactive,,,,,-1,-1,
2022-12-14T07:34:23.389+09:00,zae,IdeState,Inactive,,,,,-1,-1,
2022-12-14T07:34:24.393+09:00,zae,IdeState,Inactive,,,,,-1,-1,
2022-12-14T07:34:25.396+09:00,zae,IdeState,Inactive,,,,,-1,-1,
2022-12-14T07:34:26.396+09:00,zae,IdeState,Inactive,,,,,-1,-1,
2022-12-14T07:34:27.396+09:00,zae,IdeState,Inactive,,,,,-1,-1,
2022-12-14T07:34:28.400+09:00,zae,IdeState,Inactive,,,,,-1,-1,
2022-12-14T07:34:29.401+09:00,zae,IdeState,Inactive,,,,,-1,-1,
2022-12-14T07:34:30.406+09:00,zae,IdeState,Inactive,,,,,-1,-1,
2022-12-14T07:34:31.411+09:00,zae,IdeState,Inactive,,,,,-1,-1,
2022-12-14T07:34:32.415+09:00,zae,IdeState,Inactive,,,,,-1,-1,
2022-12-14T07:34:33.415+09:00,zae,IdeState,Inactive,,,,,-1,-1,
2022-12-14T07:34:34.417+09:00,zae,IdeState,Inactive,,,,,-1,-1,
2022-12-14T07:34:35.419+09:00,zae,IdeState,Inactive,,,,,-1,-1,
2022-12-14T07:34:36.419+09:00,zae,IdeState,Inactive,,,,,-1,-1,
2022-12-14T07:34:38.278+09:00,zae,IdeState,Inactive,,,,,-1,-1,
2022-12-14T07:34:39.278+09:00,zae,IdeState,Inactive,,,,,-1,-1,
2022-12-14T07:34:40.281+09:00,zae,IdeState,Inactive,,,,,-1,-1,
2022-12-14T07:34:41.286+09:00,zae,IdeState,Inactive,,,,,-1,-1,
2022-12-14T07:34:42.286+09:00,zae,IdeState,Inactive,,,,,-1,-1,
2022-12-14T07:34:43.291+09:00,zae,IdeState,Inactive,,,,,-1,-1,
2022-12-14T07:34:44.294+09:00,zae,IdeState,Inactive,,,,,-1,-1,
2022-12-14T07:34:45.296+09:00,zae,IdeState,Inactive,,,,,-1,-1,
2022-12-14T07:34:46.300+09:00,zae,IdeState,Inactive,,,,,-1,-1,
2022-12-14T07:34:47.301+09:00,zae,IdeState,Inactive,,,,,-1,-1,
2022-12-14T07:34:48.305+09:00,zae,IdeState,Inactive,,,,,-1,-1,
2022-12-14T07:34:49.308+09:00,zae,IdeState,Inactive,,,,,-1,-1,
2022-12-14T07:34:50.309+09:00,zae,IdeState,Inactive,,,,,-1,-1,
2022-12-14T07:34:51.311+09:00,zae,IdeState,Inactive,,,,,-1,-1,
2022-12-14T07:34:52.313+09:00,zae,IdeState,Inactive,,,,,-1,-1,
2022-12-14T07:34:53.316+09:00,zae,IdeState,Inactive,,,,,-1,-1,
2022-12-14T07:34:54.316+09:00,zae,IdeState,Inactive,,,,,-1,-1,
2022-12-14T07:34:55.317+09:00,zae,IdeState,Inactive,,,,,-1,-1,
2022-12-14T07:34:56.321+09:00,zae,IdeState,Inactive,,,,,-1,-1,
2022-12-14T07:34:57.326+09:00,zae,IdeState,Inactive,,,,,-1,-1,
2022-12-14T07:34:58.328+09:00,zae,IdeState,Inactive,,,,,-1,-1,
2022-12-14T07:34:59.328+09:00,zae,IdeState,Inactive,,,,,-1,-1,
2022-12-14T07:35:00.331+09:00,zae,IdeState,Inactive,,,,,-1,-1,
2022-12-14T07:35:01.333+09:00,zae,IdeState,Inactive,,,,,-1,-1,
2022-12-14T07:35:02.336+09:00,zae,IdeState,Inactive,,,,,-1,-1,
2022-12-14T07:35:03.336+09:00,zae,IdeState,Inactive,,,,,-1,-1,
2022-12-14T07:35:04.337+09:00,zae,IdeState,Inactive,,,,,-1,-1,
2022-12-14T07:35:05.341+09:00,zae,IdeState,Inactive,,,,,-1,-1,
2022-12-14T07:35:06.341+09:00,zae,IdeState,Inactive,,,,,-1,-1,
2022-12-14T07:35:07.346+09:00,zae,IdeState,Inactive,,,,,-1,-1,
2022-12-14T07:35:08.346+09:00,zae,IdeState,Inactive,,,,,-1,-1,
2022-12-14T07:35:09.348+09:00,zae,IdeState,Inactive,,,,,-1,-1,
2022-12-14T07:35:10.348+09:00,zae,IdeState,Inactive,,,,,-1,-1,
2022-12-14T07:35:11.349+09:00,zae,IdeState,Inactive,,,,,-1,-1,
2022-12-14T07:35:12.349+09:00,zae,IdeState,Inactive,,,,,-1,-1,
2022-12-14T07:35:13.352+09:00,zae,IdeState,Inactive,,,,,-1,-1,
2022-12-14T07:35:14.356+09:00,zae,IdeState,Inactive,,,,,-1,-1,
2022-12-14T07:35:15.360+09:00,zae,IdeState,Inactive,,,,,-1,-1,
2022-12-14T07:35:16.362+09:00,zae,IdeState,Inactive,,,,,-1,-1,
2022-12-14T07:35:17.365+09:00,zae,IdeState,Inactive,,,,,-1,-1,
2022-12-14T07:35:18.369+09:00,zae,IdeState,Inactive,,,,,-1,-1,
2022-12-14T07:35:19.373+09:00,zae,IdeState,Inactive,,,,,-1,-1,
2022-12-14T07:35:20.373+09:00,zae,IdeState,Inactive,,,,,-1,-1,
2022-12-14T07:35:21.376+09:00,zae,IdeState,Inactive,,,,,-1,-1,
2022-12-14T07:35:22.376+09:00,zae,IdeState,Inactive,,,,,-1,-1,
2022-12-14T07:35:23.378+09:00,zae,IdeState,Inactive,,,,,-1,-1,
2022-12-14T07:35:24.378+09:00,zae,IdeState,Inactive,,,,,-1,-1,
2022-12-14T07:35:25.383+09:00,zae,IdeState,Inactive,,,,,-1,-1,
2022-12-14T07:35:26.384+09:00,zae,IdeState,Inactive,,,,,-1,-1,
2022-12-14T07:35:27.385+09:00,zae,IdeState,Inactive,,,,,-1,-1,
2022-12-14T07:35:28.385+09:00,zae,IdeState,Inactive,,,,,-1,-1,
2022-12-14T07:35:29.386+09:00,zae,IdeState,Inactive,,,,,-1,-1,
2022-12-14T07:35:30.390+09:00,zae,IdeState,Inactive,,,,,-1,-1,
2022-12-14T07:35:31.392+09:00,zae,IdeState,Inactive,,,,,-1,-1,
2022-12-14T07:35:32.393+09:00,zae,IdeState,Inactive,,,,,-1,-1,
2022-12-14T07:35:33.393+09:00,zae,IdeState,Inactive,,,,,-1,-1,
2022-12-14T07:35:34.396+09:00,zae,IdeState,Inactive,,,,,-1,-1,
2022-12-14T07:35:35.396+09:00,zae,IdeState,Inactive,,,,,-1,-1,
2022-12-14T07:35:36.397+09:00,zae,IdeState,Inactive,,,,,-1,-1,
2022-12-14T07:35:37.397+09:00,zae,IdeState,Inactive,,,,,-1,-1,
2022-12-14T07:35:38.399+09:00,zae,IdeState,Inactive,,,,,-1,-1,
2022-12-14T07:35:39.401+09:00,zae,IdeState,Inactive,,,,,-1,-1,
2022-12-14T07:35:40.403+09:00,zae,IdeState,Inactive,,,,,-1,-1,
2022-12-14T07:35:41.405+09:00,zae,IdeState,Inactive,,,,,-1,-1,
2022-12-14T07:35:42.409+09:00,zae,IdeState,Inactive,,,,,-1,-1,
2022-12-14T07:35:43.412+09:00,zae,IdeState,Inactive,,,,,-1,-1,
2022-12-14T07:35:44.413+09:00,zae,IdeState,Inactive,,,,,-1,-1,
2022-12-14T07:35:45.413+09:00,zae,IdeState,Inactive,,,,,-1,-1,
2022-12-14T07:35:46.416+09:00,zae,IdeState,Inactive,,,,,-1,-1,
2022-12-14T07:35:47.419+09:00,zae,IdeState,Inactive,,,,,-1,-1,
2022-12-14T07:35:48.422+09:00,zae,IdeState,Inactive,,,,,-1,-1,
2022-12-14T07:35:49.427+09:00,zae,IdeState,Inactive,,,,,-1,-1,
2022-12-14T07:35:50.429+09:00,zae,IdeState,Inactive,,,,,-1,-1,
2022-12-14T07:35:51.430+09:00,zae,IdeState,Inactive,,,,,-1,-1,
2022-12-14T07:35:52.433+09:00,zae,IdeState,Inactive,,,,,-1,-1,
2022-12-14T07:35:53.433+09:00,zae,IdeState,Inactive,,,,,-1,-1,
2022-12-14T07:35:54.433+09:00,zae,IdeState,Inactive,,,,,-1,-1,
2022-12-14T07:35:55.435+09:00,zae,IdeState,Inactive,,,,,-1,-1,
2022-12-14T07:35:56.437+09:00,zae,IdeState,Inactive,,,,,-1,-1,
2022-12-14T07:35:57.438+09:00,zae,IdeState,Inactive,,,,,-1,-1,
2022-12-14T07:35:58.442+09:00,zae,IdeState,Inactive,,,,,-1,-1,
2022-12-14T07:35:59.444+09:00,zae,IdeState,Inactive,,,,,-1,-1,
2022-12-14T07:36:00.445+09:00,zae,IdeState,Inactive,,,,,-1,-1,
2022-12-14T07:36:01.448+09:00,zae,IdeState,Inactive,,,,,-1,-1,
2022-12-14T07:36:02.449+09:00,zae,IdeState,Inactive,,,,,-1,-1,
2022-12-14T07:36:03.450+09:00,zae,IdeState,Inactive,,,,,-1,-1,
2022-12-14T07:36:04.450+09:00,zae,IdeState,Inactive,,,,,-1,-1,
2022-12-14T07:36:05.454+09:00,zae,IdeState,Inactive,,,,,-1,-1,
2022-12-14T07:36:06.457+09:00,zae,IdeState,Inactive,,,,,-1,-1,
2022-12-14T07:36:07.457+09:00,zae,IdeState,Inactive,,,,,-1,-1,
2022-12-14T07:36:08.457+09:00,zae,IdeState,Inactive,,,,,-1,-1,
2022-12-14T07:36:09.459+09:00,zae,IdeState,Inactive,,,,,-1,-1,
2022-12-14T07:36:10.460+09:00,zae,IdeState,Inactive,,,,,-1,-1,
2022-12-14T07:36:11.462+09:00,zae,IdeState,Inactive,,,,,-1,-1,
2022-12-14T07:36:12.463+09:00,zae,IdeState,Inactive,,,,,-1,-1,
2022-12-14T07:36:13.464+09:00,zae,IdeState,Inactive,,,,,-1,-1,
2022-12-14T07:36:14.465+09:00,zae,IdeState,Inactive,,,,,-1,-1,
2022-12-14T07:36:15.465+09:00,zae,IdeState,Inactive,,,,,-1,-1,
2022-12-14T07:36:16.467+09:00,zae,IdeState,Inactive,,,,,-1,-1,
2022-12-14T07:36:17.470+09:00,zae,IdeState,Inactive,,,,,-1,-1,
2022-12-14T07:36:18.471+09:00,zae,IdeState,Inactive,,,,,-1,-1,
2022-12-14T07:36:19.472+09:00,zae,IdeState,Inactive,,,,,-1,-1,
2022-12-14T07:36:20.477+09:00,zae,IdeState,Inactive,,,,,-1,-1,
2022-12-14T07:36:21.478+09:00,zae,IdeState,Inactive,,,,,-1,-1,
2022-12-14T07:36:22.482+09:00,zae,IdeState,Inactive,,,,,-1,-1,
2022-12-14T07:36:23.484+09:00,zae,IdeState,Inactive,,,,,-1,-1,
2022-12-14T07:36:24.484+09:00,zae,IdeState,Inactive,,,,,-1,-1,
2022-12-14T07:36:25.484+09:00,zae,IdeState,Inactive,,,,,-1,-1,
2022-12-14T07:36:26.485+09:00,zae,IdeState,Inactive,,,,,-1,-1,
2022-12-14T07:36:27.487+09:00,zae,IdeState,Inactive,,,,,-1,-1,
2022-12-14T07:36:28.487+09:00,zae,IdeState,Inactive,,,,,-1,-1,
2022-12-14T07:36:29.491+09:00,zae,IdeState,Inactive,,,,,-1,-1,
2022-12-14T07:36:30.492+09:00,zae,IdeState,Inactive,,,,,-1,-1,
2022-12-14T07:36:31.495+09:00,zae,IdeState,Inactive,,,,,-1,-1,
2022-12-14T07:36:32.496+09:00,zae,IdeState,Inactive,,,,,-1,-1,
2022-12-14T07:36:33.499+09:00,zae,IdeState,Inactive,,,,,-1,-1,
2022-12-14T07:36:34.499+09:00,zae,IdeState,Inactive,,,,,-1,-1,
2022-12-14T07:36:35.503+09:00,zae,IdeState,Inactive,,,,,-1,-1,
2022-12-14T07:36:36.504+09:00,zae,IdeState,Inactive,,,,,-1,-1,
2022-12-14T07:36:37.509+09:00,zae,IdeState,Inactive,,,,,-1,-1,
2022-12-14T07:36:38.513+09:00,zae,IdeState,Inactive,,,,,-1,-1,
2022-12-14T07:36:39.515+09:00,zae,IdeState,Inactive,,,,,-1,-1,
2022-12-14T07:36:40.515+09:00,zae,IdeState,Inactive,,,,,-1,-1,
2022-12-14T07:36:41.515+09:00,zae,IdeState,Inactive,,,,,-1,-1,
2022-12-14T07:36:42.520+09:00,zae,IdeState,Inactive,,,,,-1,-1,
2022-12-14T07:36:43.525+09:00,zae,IdeState,Inactive,,,,,-1,-1,
2022-12-14T07:36:44.526+09:00,zae,IdeState,Inactive,,,,,-1,-1,
2022-12-14T07:36:45.530+09:00,zae,IdeState,Inactive,,,,,-1,-1,
2022-12-14T07:36:46.535+09:00,zae,IdeState,Inactive,,,,,-1,-1,
2022-12-14T07:36:47.539+09:00,zae,IdeState,Inactive,,,,,-1,-1,
2022-12-14T07:36:48.543+09:00,zae,IdeState,Inactive,,,,,-1,-1,
2022-12-14T07:36:49.548+09:00,zae,IdeState,Inactive,,,,,-1,-1,
2022-12-14T07:36:50.552+09:00,zae,IdeState,Inactive,,,,,-1,-1,
2022-12-14T07:36:51.552+09:00,zae,IdeState,Inactive,,,,,-1,-1,
2022-12-14T07:36:52.556+09:00,zae,IdeState,Inactive,,,,,-1,-1,
2022-12-14T07:36:53.561+09:00,zae,IdeState,Inactive,,,,,-1,-1,
2022-12-14T07:36:54.563+09:00,zae,IdeState,Inactive,,,,,-1,-1,
2022-12-14T07:36:55.564+09:00,zae,IdeState,Inactive,,,,,-1,-1,
2022-12-14T07:36:56.569+09:00,zae,IdeState,Inactive,,,,,-1,-1,
2022-12-14T07:36:57.570+09:00,zae,IdeState,Inactive,,,,,-1,-1,
2022-12-14T07:36:58.574+09:00,zae,IdeState,Inactive,,,,,-1,-1,
2022-12-14T07:36:59.576+09:00,zae,IdeState,Inactive,,,,,-1,-1,
2022-12-14T07:37:00.578+09:00,zae,IdeState,Inactive,,,,,-1,-1,
2022-12-14T07:37:01.579+09:00,zae,IdeState,Inactive,,,,,-1,-1,
2022-12-14T07:37:02.580+09:00,zae,IdeState,Inactive,,,,,-1,-1,
2022-12-14T07:37:03.580+09:00,zae,IdeState,Inactive,,,,,-1,-1,
2022-12-14T07:37:04.583+09:00,zae,IdeState,Inactive,,,,,-1,-1,
2022-12-14T07:37:05.588+09:00,zae,IdeState,Inactive,,,,,-1,-1,
2022-12-14T07:37:06.591+09:00,zae,IdeState,Inactive,,,,,-1,-1,
2022-12-14T07:37:07.594+09:00,zae,IdeState,Inactive,,,,,-1,-1,
2022-12-14T07:37:08.598+09:00,zae,IdeState,Inactive,,,,,-1,-1,
2022-12-14T07:37:09.600+09:00,zae,IdeState,Inactive,,,,,-1,-1,
2022-12-14T07:37:10.605+09:00,zae,IdeState,Inactive,,,,,-1,-1,
2022-12-14T07:37:11.608+09:00,zae,IdeState,Inactive,,,,,-1,-1,
2022-12-14T07:37:12.610+09:00,zae,IdeState,Inactive,,,,,-1,-1,
2022-12-14T07:37:13.610+09:00,zae,IdeState,Inactive,,,,,-1,-1,
2022-12-14T07:37:14.613+09:00,zae,IdeState,Inactive,,,,,-1,-1,
2022-12-14T07:37:15.619+09:00,zae,IdeState,Inactive,,,,,-1,-1,
2022-12-14T07:37:16.620+09:00,zae,IdeState,Inactive,,,,,-1,-1,
2022-12-14T07:37:17.620+09:00,zae,IdeState,Inactive,,,,,-1,-1,
2022-12-14T07:37:18.623+09:00,zae,IdeState,Inactive,,,,,-1,-1,
2022-12-14T07:37:19.626+09:00,zae,IdeState,Inactive,,,,,-1,-1,
2022-12-14T07:37:20.630+09:00,zae,IdeState,Inactive,,,,,-1,-1,
2022-12-14T07:37:21.634+09:00,zae,IdeState,Inactive,,,,,-1,-1,
2022-12-14T07:37:22.637+09:00,zae,IdeState,Inactive,,,,,-1,-1,
2022-12-14T07:37:23.642+09:00,zae,IdeState,Inactive,,,,,-1,-1,
2022-12-14T07:37:24.643+09:00,zae,IdeState,Inactive,,,,,-1,-1,
2022-12-14T07:37:25.646+09:00,zae,IdeState,Inactive,,,,,-1,-1,
2022-12-14T07:37:26.650+09:00,zae,IdeState,Inactive,,,,,-1,-1,
2022-12-14T07:37:27.651+09:00,zae,IdeState,Inactive,,,,,-1,-1,
2022-12-14T07:37:28.655+09:00,zae,IdeState,Inactive,,,,,-1,-1,
2022-12-14T07:37:29.659+09:00,zae,IdeState,Inactive,,,,,-1,-1,
2022-12-14T07:37:30.660+09:00,zae,IdeState,Inactive,,,,,-1,-1,
2022-12-14T07:37:31.660+09:00,zae,IdeState,Inactive,,,,,-1,-1,
2022-12-14T07:37:32.665+09:00,zae,IdeState,Inactive,,,,,-1,-1,
2022-12-14T07:37:33.670+09:00,zae,IdeState,Inactive,,,,,-1,-1,
2022-12-14T07:37:34.670+09:00,zae,IdeState,Inactive,,,,,-1,-1,
2022-12-14T07:37:35.670+09:00,zae,IdeState,Inactive,,,,,-1,-1,
2022-12-14T07:37:36.671+09:00,zae,IdeState,Inactive,,,,,-1,-1,
2022-12-14T07:37:38.195+09:00,zae,IdeState,Inactive,,,,,-1,-1,
2022-12-14T07:37:40.054+09:00,zae,IdeState,Inactive,,,,,-1,-1,
2022-12-14T07:37:41.054+09:00,zae,IdeState,Inactive,,,,,-1,-1,
2022-12-14T07:37:42.058+09:00,zae,IdeState,Inactive,,,,,-1,-1,
2022-12-14T07:37:43.063+09:00,zae,IdeState,Inactive,,,,,-1,-1,
2022-12-14T07:37:44.064+09:00,zae,IdeState,Inactive,,,,,-1,-1,
2022-12-14T07:37:45.068+09:00,zae,IdeState,Inactive,,,,,-1,-1,
2022-12-14T07:37:46.068+09:00,zae,IdeState,Inactive,,,,,-1,-1,
2022-12-14T07:37:47.069+09:00,zae,IdeState,Inactive,,,,,-1,-1,
2022-12-14T07:37:48.072+09:00,zae,IdeState,Inactive,,,,,-1,-1,
2022-12-14T07:37:49.076+09:00,zae,IdeState,Inactive,,,,,-1,-1,
2022-12-14T07:37:50.079+09:00,zae,IdeState,Inactive,,,,,-1,-1,
2022-12-14T07:37:51.082+09:00,zae,IdeState,Inactive,,,,,-1,-1,
2022-12-14T07:37:52.086+09:00,zae,IdeState,Inactive,,,,,-1,-1,
2022-12-14T07:37:53.088+09:00,zae,IdeState,Active,assign11,Editor,/Users/zae/IdeaProjects/assign11/src/Main.java,PlayerClient::main,33,13,Default task
2022-12-14T07:37:54.091+09:00,zae,IdeState,Active,assign11,Editor,/Users/zae/IdeaProjects/assign11/src/Main.java,PlayerClient::main,37,34,Default task
2022-12-14T07:37:55.094+09:00,zae,IdeState,Active,assign11,Editor,/Users/zae/IdeaProjects/assign11/src/Main.java,PlayerClient::main,33,13,Default task
2022-12-14T07:37:56.097+09:00,zae,IdeState,Active,assign11,Editor,/Users/zae/IdeaProjects/assign11/src/Main.java,PlayerClient::main,33,13,Default task
2022-12-14T07:37:57.101+09:00,zae,IdeState,Active,assign11,Editor,/Users/zae/IdeaProjects/assign11/src/Main.java,PlayerClient::main,32,44,Default task
2022-12-14T07:37:57.192+09:00,zae,Action,EditorEnter,assign11,Editor,/Users/zae/IdeaProjects/assign11/src/Main.java,PlayerClient::main,32,44,Default task
2022-12-14T07:37:57.780+09:00,zae,Action,EditorBackSpace,assign11,Editor,/Users/zae/IdeaProjects/assign11/src/Main.java,PlayerClient::main,33,16,Default task
2022-12-14T07:37:58.102+09:00,zae,IdeState,Active,assign11,Editor,/Users/zae/IdeaProjects/assign11/src/Main.java,PlayerClient::main,32,44,Default task
2022-12-14T07:37:59.106+09:00,zae,IdeState,Active,assign11,Editor,/Users/zae/IdeaProjects/assign11/src/Main.java,PlayerClient::main,32,44,Default task
2022-12-14T07:38:00.108+09:00,zae,IdeState,Active,assign11,Editor,/Users/zae/IdeaProjects/assign11/src/Main.java,PlayerClient::main,32,44,Default task
2022-12-14T07:38:01.109+09:00,zae,IdeState,Active,assign11,Editor,/Users/zae/IdeaProjects/assign11/src/Main.java,PlayerClient::main,32,44,Default task
2022-12-14T07:38:01.598+09:00,zae,Action,EditorEnter,assign11,Editor,/Users/zae/IdeaProjects/assign11/src/Main.java,PlayerClient::main,25,13,Default task
2022-12-14T07:38:02.018+09:00,zae,Action,EditorBackSpace,assign11,Editor,/Users/zae/IdeaProjects/assign11/src/Main.java,PlayerClient::main,26,12,Default task
2022-12-14T07:38:02.111+09:00,zae,IdeState,Active,assign11,Editor,/Users/zae/IdeaProjects/assign11/src/Main.java,PlayerClient::main,25,13,Default task
2022-12-14T07:38:03.114+09:00,zae,IdeState,Active,assign11,Editor,/Users/zae/IdeaProjects/assign11/src/Main.java,PlayerClient::main,25,13,Default task
2022-12-14T07:38:04.117+09:00,zae,IdeState,Active,assign11,Editor,/Users/zae/IdeaProjects/assign11/src/Main.java,PlayerClient::main,25,13,Default task
2022-12-14T07:38:05.121+09:00,zae,IdeState,Active,assign11,Editor,/Users/zae/IdeaProjects/assign11/src/Main.java,PlayerClient::main,25,13,Default task
2022-12-14T07:38:06.124+09:00,zae,IdeState,Active,assign11,Editor,/Users/zae/IdeaProjects/assign11/src/Main.java,PlayerClient::main,25,13,Default task
2022-12-14T07:38:07.126+09:00,zae,IdeState,Active,assign11,Editor,/Users/zae/IdeaProjects/assign11/src/Main.java,PlayerClient::main,25,13,Default task
2022-12-14T07:38:08.128+09:00,zae,IdeState,Active,assign11,Editor,/Users/zae/IdeaProjects/assign11/src/Main.java,PlayerClient::main,33,13,Default task
2022-12-14T07:38:09.128+09:00,zae,IdeState,Active,assign11,Editor,/Users/zae/IdeaProjects/assign11/src/Main.java,PlayerClient::main,32,44,Default task
2022-12-14T07:38:10.134+09:00,zae,IdeState,Active,assign11,Editor,/Users/zae/IdeaProjects/assign11/src/Main.java,PlayerClient::main,32,44,Default task
2022-12-14T07:38:11.135+09:00,zae,IdeState,Active,assign11,Editor,/Users/zae/IdeaProjects/assign11/src/Main.java,PlayerClient::main,32,44,Default task
2022-12-14T07:38:12.136+09:00,zae,IdeState,Active,assign11,Editor,/Users/zae/IdeaProjects/assign11/src/Main.java,PlayerClient::main,36,42,Default task
2022-12-14T07:38:12.689+09:00,zae,Action,EditorEnter,assign11,Editor,/Users/zae/IdeaProjects/assign11/src/Main.java,PlayerClient::main,36,42,Default task
2022-12-14T07:38:13.083+09:00,zae,Action,EditorBackSpace,assign11,Editor,/Users/zae/IdeaProjects/assign11/src/Main.java,PlayerClient::main,37,12,Default task
2022-12-14T07:38:13.136+09:00,zae,IdeState,Active,assign11,Editor,/Users/zae/IdeaProjects/assign11/src/Main.java,PlayerClient::main,36,42,Default task
2022-12-14T07:38:14.137+09:00,zae,IdeState,Active,assign11,Editor,/Users/zae/IdeaProjects/assign11/src/Main.java,PlayerClient::main,36,42,Default task
2022-12-14T07:38:15.138+09:00,zae,IdeState,Active,assign11,Editor,/Users/zae/IdeaProjects/assign11/src/Main.java,PlayerClient::main,36,42,Default task
2022-12-14T07:38:16.140+09:00,zae,IdeState,Active,assign11,Editor,/Users/zae/IdeaProjects/assign11/src/Main.java,PlayerClient::main,36,42,Default task
2022-12-14T07:38:17.143+09:00,zae,IdeState,Active,assign11,Editor,/Users/zae/IdeaProjects/assign11/src/Main.java,PlayerClient::main,36,42,Default task
2022-12-14T07:38:18.147+09:00,zae,IdeState,Active,assign11,Editor,/Users/zae/IdeaProjects/assign11/src/Main.java,PlayerClient::main,36,42,Default task
2022-12-14T07:38:19.147+09:00,zae,IdeState,Active,assign11,Popup,/Users/zae/IdeaProjects/assign11/src/Main.java,PlayerClient::main,36,42,Default task
2022-12-14T07:38:20.148+09:00,zae,IdeState,Active,assign11,Popup,/Users/zae/IdeaProjects/assign11/src/Main.java,PlayerClient::main,36,42,Default task
2022-12-14T07:38:21.152+09:00,zae,IdeState,Inactive,,,,,-1,-1,
2022-12-14T07:38:22.156+09:00,zae,IdeState,Inactive,,,,,-1,-1,
2022-12-14T07:38:23.160+09:00,zae,IdeState,Inactive,,,,,-1,-1,
2022-12-14T07:38:24.161+09:00,zae,IdeState,Inactive,,,,,-1,-1,
2022-12-14T07:38:25.163+09:00,zae,IdeState,Inactive,,,,,-1,-1,
2022-12-14T07:38:26.166+09:00,zae,IdeState,Inactive,,,,,-1,-1,
2022-12-14T07:38:27.166+09:00,zae,IdeState,Inactive,,,,,-1,-1,
2022-12-14T07:38:28.171+09:00,zae,IdeState,Inactive,,,,,-1,-1,
2022-12-14T07:38:29.171+09:00,zae,IdeState,Inactive,,,,,-1,-1,
2022-12-14T07:38:30.175+09:00,zae,IdeState,Inactive,,,,,-1,-1,
2022-12-14T07:38:31.179+09:00,zae,IdeState,Inactive,,,,,-1,-1,
2022-12-14T07:38:32.183+09:00,zae,IdeState,Inactive,,,,,-1,-1,
2022-12-14T07:38:33.187+09:00,zae,IdeState,Inactive,,,,,-1,-1,
2022-12-14T07:38:34.190+09:00,zae,IdeState,Inactive,,,,,-1,-1,
2022-12-14T07:38:35.194+09:00,zae,IdeState,Inactive,,,,,-1,-1,
2022-12-14T07:38:36.198+09:00,zae,IdeState,Inactive,,,,,-1,-1,
2022-12-14T07:38:37.199+09:00,zae,IdeState,Inactive,,,,,-1,-1,
2022-12-14T07:38:38.200+09:00,zae,IdeState,Inactive,,,,,-1,-1,
2022-12-14T07:38:39.200+09:00,zae,IdeState,Inactive,,,,,-1,-1,
2022-12-14T07:38:40.204+09:00,zae,IdeState,Inactive,,,,,-1,-1,
2022-12-14T07:38:41.205+09:00,zae,IdeState,Inactive,,,,,-1,-1,
